-0.137, -0.779, 2.386, 20.996, -63.293, 19.592
-0.185, -0.835, 2.589, 21.606, -59.814, 23.560
-0.243, -0.925, 2.891, 18.494, -56.030, 27.649
-0.290, -1.023, 3.471, 15.686, -50.903, 32.654
-0.357, -1.103, 4.000, 23.499, -40.588, 39.429
-0.440, -1.254, 4.000, 49.316, -19.104, 47.058
-0.584, -1.264, 4.000, 76.721, 16.541, 58.533
-0.759, -1.120, 4.000, 89.294, 70.251, 72.327
-1.017, -0.878, 4.000, 83.923, 134.827, 84.900
-1.300, -0.510, 4.000, 70.251, 200.439, 94.055
-1.589, -0.263, 4.000, 50.415, 258.911, 95.825
-1.855, -0.279, 3.721, 28.381, 306.458, 90.637
-2.114, -0.468, 2.938, 11.230, 343.689, 84.595
-2.317, -0.534, 2.193, -2.197, 372.070, 84.534
-2.423, -0.223, 1.533, -11.841, 392.395, 90.515
-2.497, 0.233, 0.966, -14.099, 404.846, 92.651
-2.540, 0.496, 0.435, -12.390, 411.621, 83.740
-2.540, 0.659, -0.113, 0.732, 412.842, 68.604
-2.444, 0.611, -0.709, 14.099, 409.302, 50.842
-2.279, 0.522, -1.187, 15.930, 399.353, 33.936
-2.133, 0.291, -1.646, 21.118, 383.972, 17.761
-2.032, -0.063, -2.067, 31.128, 364.868, 3.540
-1.912, -0.414, -2.524, 49.072, 340.149, -4.089
-1.702, -0.677, -3.080, 76.111, 310.059, -6.775
-1.491, -0.816, -3.585, 98.145, 272.827, -5.005
-1.179, -0.906, -4.000, 110.413, 228.699, -2.747
-0.907, -0.999, -4.000, 119.751, 175.903, -1.831
-0.747, -1.405, -4.000, 133.606, 110.046, -1.282
-0.693, -1.872, -4.000, 134.766, 33.936, 4.578
-0.756, -2.503, -4.000, 134.033, -42.419, 16.968
-0.988, -2.855, -3.987, 134.583, -113.586, 41.260
-1.184, -2.864, -3.386, 129.944, -172.607, 75.012
-1.466, -2.490, -3.006, 131.836, -220.459, 109.924
-1.703, -2.021, -2.685, 139.221, -263.916, 137.329
-1.976, -1.737, -2.134, 148.560, -307.068, 153.442
-2.208, -1.595, -1.496, 158.875, -345.825, 164.062
-2.376, -1.485, -0.828, 163.513, -375.977, 173.340
-2.538, -1.402, -0.193, 157.898, -397.583, 181.702
-2.682, -1.378, 0.371, 149.170, -411.926, 191.345
-2.785, -1.274, 0.866, 134.399, -419.678, 203.430
-2.766, -0.793, 1.387, 116.028, -421.936, 221.313
-2.684, 0.081, 1.953, 103.149, -418.884, 236.511
-2.517, 0.914, 2.442, 98.083, -408.569, 236.267
-2.201, 1.618, 2.965, 105.469, -392.456, 220.459
-1.873, 2.158, 3.570, 121.704, -371.033, 192.383
-1.611, 2.349, 3.939, 145.813, -341.125, 153.931
-1.332, 2.386, 4.000, 159.668, -304.688, 112.000
-1.080, 2.160, 4.000, 159.058, -266.907, 70.496
-0.934, 1.889, 3.996, 145.264, -229.126, 33.691
-0.849, 1.611, 3.737, 128.174, -192.017, 3.845
-0.797, 1.417, 3.342, 119.202, -158.264, -18.494
-0.782, 1.262, 2.829, 116.699, -130.859, -37.720
-0.777, 1.108, 2.428, 111.938, -112.183, -55.115
-0.744, 1.039, 2.580, 105.835, -103.088, -69.519
-0.770, 0.966, 3.208, 113.647, -95.764, -82.764
-0.826, 1.004, 3.747, 129.150, -76.111, -92.651
-0.915, 1.252, 4.000, 131.470, -45.227, -102.844
-0.992, 1.391, 4.000, 129.333, -3.113, -118.469
-1.126, 1.577, 4.000, 115.356, 43.213, -137.146
-1.313, 1.871, 3.960, 90.881, 89.783, -158.081
-1.601, 2.177, 3.681, 56.641, 132.812, -184.448
-2.018, 2.419, 3.381, 9.216, 172.119, -219.238
-2.450, 2.714, 3.037, -51.880, 206.360, -259.583
-2.968, 2.776, 2.627, -124.634, 233.337, -311.768
-3.538, 2.400, 2.162, -193.420, 250.610, -374.451
-3.999, 1.593, 1.814, -240.662, 255.615, -438.721
-4.000, 0.480, 1.517, -246.582, 251.831, -494.446
-4.000, -0.733, 1.227, -216.980, 243.652, -531.982
-4.000, -2.013, 0.860, -169.739, 234.192, -548.523
-4.000, -3.202, 0.441, -122.925, 223.938, -541.260
-3.514, -4.000, 0.136, -86.609, 210.754, -509.521
-2.985, -4.000, -0.171, -56.946, 195.129, -458.618
-2.350, -4.000, -0.404, -78.796, 176.697, -393.921
-1.769, -4.000, -0.544, -117.737, 152.954, -322.021
-1.413, -4.000, -0.567, -142.273, 124.756, -248.169
-1.132, -3.567, -0.472, -136.047, 94.849, -183.594
-0.977, -2.549, -0.311, -90.637, 66.650, -140.381
-0.873, -1.686, -0.174, -33.875, 43.091, -117.554
-0.800, -1.128, -0.036, 13.733, 24.109, -111.267
-0.755, -0.911, 0.136, 44.312, 8.789, -116.028
-0.710, -1.052, 0.314, 61.584, -2.686, -124.695
-0.642, -1.393, 0.561, 57.861, -10.803, -129.883
-0.572, -1.685, 0.982, 31.189, -16.479, -126.099
-0.545, -1.799, 1.397, -2.441, -16.113, -114.136
-0.525, -1.737, 1.654, -29.663, -9.155, -97.961
-0.502, -1.618, 1.738, -40.649, 1.587, -83.191
-0.468, -1.518, 1.597, -34.058, 14.160, -71.045
-0.420, -1.379, 1.350, -17.517, 24.719, -59.570
-0.386, -1.174, 1.094, -1.953, 30.945, -49.194
-0.351, -1.016, 0.898, 7.324, 33.325, -42.358
-0.313, -0.928, 0.772, 11.780, 32.227, -38.269
-0.291, -0.832, 0.674, 15.320, 29.785, -34.485
-0.256, -0.756, 0.558, 17.212, 26.428, -31.311
-0.236, -0.750, 0.497, 14.832, 21.362, -29.846
-0.213, -0.728, 0.495, 12.085, 14.771, -27.344
-0.196, -0.697, 0.561, 9.949, 8.240, -24.536
-0.197, -0.686, 0.673, 10.681, 3.052, -21.851
-0.199, -0.693, 0.827, 13.611, -1.038, -19.409
-0.196, -0.686, 1.002, 20.691, -3.235, -16.174
-0.201, -0.649, 1.141, 27.954, -2.319, -12.207
-0.205, -0.548, 1.201, 31.311, 0.916, -8.423
-0.210, -0.452, 1.167, 29.968, 5.737, -6.226
-0.221, -0.371, 1.064, 23.682, 10.254, -5.981
-0.210, -0.385, 0.899, 14.648, 14.038, -7.324
-0.201, -0.457, 0.708, 5.005, 15.259, -9.338
-0.185, -0.485, 0.586, -1.648, 12.817, -9.094
-0.182, -0.519, 0.561, -3.784, 7.996, -7.629
-0.182, -0.585, 0.612, -1.709, 2.441, -6.226
-0.195, -0.585, 0.721, 3.906, -2.625, -3.418
-0.200, -0.531, 0.835, 10.498, -6.104, 0.244
-0.203, -0.432, 0.961, 16.113, -7.812, 3.723
-0.206, -0.353, 1.060, 19.165, -7.629, 5.310
-0.210, -0.321, 1.100, 19.043, -5.249, 5.066
-0.212, -0.327, 1.076, 16.113, -1.892, 4.150
-0.210, -0.357, 1.014, 10.498, 0.916, 3.235
-0.220, -0.396, 0.948, 5.737, 2.563, 3.174
-0.227, -0.407, 0.871, 2.563, 3.601, 4.089
-0.213, -0.361, 0.816, 0.122, 2.808, 5.859
-0.216, -0.330, 0.814, -1.648, 0.854, 6.775

-0.246, -0.353, 2.881, 3.845, -78.186, -2.502
-0.271, -0.540, 3.509, 15.015, -69.702, -4.761
-0.331, -0.743, 3.998, 23.926, -51.147, -5.310
-0.421, -0.981, 4.000, 33.142, -25.269, -2.930
-0.506, -1.125, 4.000, 39.368, 8.301, 2.686
-0.625, -1.266, 4.000, 44.739, 48.096, 10.864
-0.798, -1.354, 4.000, 51.758, 92.529, 20.996
-1.019, -1.255, 4.000, 56.152, 142.212, 34.546
-1.271, -0.975, 4.000, 52.429, 195.984, 47.729
-1.542, -0.625, 4.000, 41.565, 249.756, 55.786
-1.805, -0.422, 3.940, 26.917, 299.377, 55.603
-2.022, -0.377, 3.178, 12.329, 341.980, 49.744
-2.171, -0.465, 2.370, 7.446, 374.451, 41.992
-2.275, -0.667, 1.684, 14.465, 396.606, 35.828
-2.378, -0.871, 1.166, 31.372, 409.485, 34.485
-2.447, -0.888, 0.719, 52.490, 417.358, 39.917
-2.503, -0.642, 0.345, 70.862, 422.180, 49.133
-2.626, -0.436, -0.023, 82.825, 425.049, 53.040
-2.763, -0.418, -0.560, 85.693, 426.697, 50.232
-2.711, -0.576, -1.335, 69.763, 424.500, 42.725
-2.525, -0.966, -2.192, 41.321, 413.391, 33.447
-2.265, -1.657, -3.005, 19.470, 388.550, 24.475
-1.941, -2.367, -3.750, 19.653, 350.342, 25.757
-1.588, -2.955, -4.000, 50.476, 301.208, 42.358
-1.329, -3.229, -4.000, 83.862, 237.427, 72.815
-1.153, -3.209, -4.000, 115.723, 162.292, 111.023
-1.162, -2.835, -4.000, 140.747, 81.299, 150.513
-1.285, -2.329, -4.000, 152.344, 2.014, 184.326
-1.457, -1.939, -4.000, 152.100, -69.885, 205.933
-1.673, -1.767, -3.770, 144.653, -134.644, 218.445
-1.945, -1.776, -3.304, 141.052, -191.711, 227.905
-2.235, -1.798, -2.774, 142.334, -243.469, 239.380
-2.546, -1.807, -2.131, 149.902, -290.466, 252.258
-2.883, -1.714, -1.552, 164.185, -331.421, 267.212
-3.173, -1.601, -1.051, 175.659, -365.540, 281.189
-3.455, -1.571, -0.598, 175.354, -394.958, 292.480
-3.792, -1.676, -0.082, 166.504, -421.143, 303.223
-4.000, -1.850, 0.619, 154.236, -445.374, 318.054
-4.000, -1.524, 1.477, 133.423, -463.501, 344.482
-4.000, -0.282, 2.434, 108.643, -470.703, 380.310
-4.000, 1.589, 3.559, 100.342, -465.759, 401.245
-3.672, 3.270, 4.000, 104.675, -441.528, 386.963
-3.053, 3.988, 4.000, 117.249, -401.550, 333.130
-2.353, 4.000, 4.000, 116.699, -359.192, 268.738
-1.777, 4.000, 4.000, 132.141, -304.993, 198.486
-1.361, 4.000, 4.000, 143.250, -245.605, 125.122
-1.063, 3.383, 4.000, 127.441, -184.509, 57.190
-0.874, 2.370, 4.000, 107.300, -123.169, 6.775
-0.813, 1.686, 4.000, 94.604, -68.420, -19.653
-0.806, 1.508, 3.969, 90.515, -23.254, -29.846
-0.822, 1.639, 3.437, 91.248, 11.108, -35.828
-0.875, 1.960, 3.026, 94.482, 38.147, -45.288
-0.942, 2.298, 2.712, 98.450, 60.120, -61.829
-1.015, 2.643, 2.484, 103.149, 79.041, -85.144
-1.107, 2.771, 2.302, 106.934, 95.947, -116.943
-1.218, 2.722, 2.146, 106.201, 112.366, -152.771
-1.379, 2.714, 2.038, 92.468, 127.869, -187.866
-1.587, 2.848, 2.011, 63.354, 143.127, -222.473
-1.882, 3.009, 2.009, 18.494, 158.447, -261.047
-2.267, 2.881, 1.708, -25.146, 174.438, -307.495
-2.799, 3.000, 1.761, -84.351, 184.021, -356.323
-3.400, 2.903, 1.678, -137.939, 189.697, -410.767
-3.959, 2.371, 1.513, -184.875, 192.566, -473.999
-4.000, 1.459, 1.329, -221.436, 188.171, -536.011
-4.000, 0.478, 1.223, -249.146, 176.147, -586.182
-4.000, -0.563, 1.219, -268.494, 157.959, -622.070
-4.000, -1.581, 1.274, -266.907, 136.414, -641.418
-4.000, -2.652, 1.396, -244.202, 115.845, -644.043
-4.000, -3.750, 1.546, -207.703, 98.755, -628.113
-3.940, -4.000, 1.797, -169.800, 87.341, -592.529
-3.187, -4.000, 1.980, -121.521, 83.801, -536.743
-2.411, -4.000, 2.000, -82.458, 89.478, -458.496
-1.764, -4.000, 1.723, -49.377, 100.952, -362.610
-1.265, -4.000, 1.219, -19.775, 111.267, -258.057
-0.953, -4.000, 0.660, -6.042, 115.234, -161.926
-0.746, -3.538, 0.213, -5.005, 110.107, -89.722
-0.603, -2.221, -0.138, -12.878, 97.351, -45.715
-0.483, -1.140, -0.406, -20.325, 78.857, -27.344
-0.399, -0.374, -0.466, -26.001, 54.932, -30.151
-0.349, -0.043, -0.254, -25.696, 27.771, -47.546
-0.353, -0.096, 0.137, -17.334, 3.479, -70.312
-0.358, -0.420, 0.581, -8.423, -13.245, -90.576
-0.342, -0.890, 0.939, 3.784, -22.278, -103.210
-0.297, -1.361, 1.151, 16.663, -23.804, -105.896
-0.250, -1.705, 1.231, 27.344, -21.057, -98.267
-0.199, -1.855, 1.262, 32.715, -17.334, -82.764
-0.143, -1.817, 1.332, 30.884, -12.878, -63.110
-0.119, -1.604, 1.365, 21.362, -7.141, -42.969
-0.090, -1.319, 1.310, 8.789, -0.854, -26.733
-0.062, -0.987, 1.222, -1.038, 4.761, -14.832
-0.060, -0.700, 1.089, -6.226, 9.216, -9.094
-0.048, -0.519, 0.931, -7.019, 11.658, -8.240
-0.026, -0.450, 0.772, -3.906, 11.414, -10.803
-0.012, -0.439, 0.643, 0.305, 8.972, -13.977
-0.004, -0.494, 0.544, 4.333, 4.211, -16.541
0.015, -0.574, 0.518, 7.263, -1.953, -17.883
0.023, -0.650, 0.589, 10.010, -8.789, -16.968
0.026, -0.660, 0.764, 10.620, -14.832, -13.428
0.007, -0.631, 0.958, 10.986, -18.555, -9.216
-0.004, -0.544, 1.069, 11.169, -19.043, -5.127
0.001, -0.426, 1.116, 11.292, -16.724, -2.380
-0.012, -0.364, 1.131, 11.230, -14.099, -2.136
-0.015, -0.367, 1.104, 10.193, -11.414, -2.991
-0.026, -0.406, 1.066, 9.399, -8.911, -4.028
-0.043, -0.440, 1.022, 8.911, -7.507, -4.028
-0.025, -0.410, 1.004, 7.446, -6.836, -2.747
-0.034, -0.386, 1.054, 4.150, -6.775, -2.014
-0.046, -0.351, 1.130, 0.427, -5.981, -1.709
-0.060, -0.333, 1.155, -2.991, -3.906, -1.709
-0.072, -0.339, 1.127, -3.113, -0.977, -2.014
-0.078, -0.395, 1.043, -1.343, 1.770, -2.258
-0.075, -0.462, 0.926, 1.282, 3.540, -2.014
-0.063, -0.469, 0.827, 3.784, 3.357, -0.061
-0.074, -0.419, 0.810, 5.249, 1.160, 2.869
-0.074, -0.325, 0.872, 4.639, -1.892, 5.554
-0.083, -0.257, 0.975, 5.676, -3.967, 6.042
-0.087, -0.227, 1.039, 7.996, -4.211, 5.066
-0.090, -0.239, 1.052, 9.949, -2.991, 3.662
-0.090, -0.271, 1.028, 9.949, -1.404, 2.258

-0.229, -0.461, 2.474, 9.094, -79.529, -14.893
-0.279, -0.669, 2.948, -0.427, -75.867, -18.738
-0.365, -0.912, 3.686, -5.554, -68.176, -19.226
-0.431, -1.186, 4.000, -7.690, -48.523, -15.442
-0.503, -1.420, 4.000, -4.272, -16.602, -7.324
-0.630, -1.509, 4.000, 4.578, 27.649, 5.676
-0.766, -1.404, 4.000, 20.874, 81.177, 22.644
-0.993, -1.145, 4.000, 43.640, 141.052, 38.879
-1.288, -0.780, 4.000, 63.721, 205.505, 52.246
-1.597, -0.346, 4.000, 73.853, 267.578, 60.669
-1.906, 0.048, 3.916, 65.308, 322.021, 61.035
-2.208, 0.210, 3.117, 46.021, 366.821, 51.025
-2.479, 0.110, 2.356, 31.677, 403.137, 34.241
-2.711, -0.240, 1.601, 26.917, 430.542, 16.541
-2.924, -0.715, 0.886, 27.832, 449.646, 3.174
-3.059, -1.165, 0.196, 31.616, 460.938, -1.770
-3.115, -1.625, -0.506, 34.424, 464.417, -0.916
-3.057, -2.007, -1.209, 41.809, 458.557, 6.470
-2.997, -2.353, -1.865, 50.964, 442.810, 19.592
-2.751, -2.638, -2.714, 66.895, 417.542, 37.781
-2.378, -2.822, -3.421, 77.026, 379.150, 62.073
-2.069, -2.927, -3.915, 92.712, 328.125, 88.989
-1.744, -3.101, -4.000, 98.083, 269.104, 117.371
-1.493, -3.065, -4.000, 117.615, 203.003, 150.757
-1.444, -2.853, -4.000, 136.475, 131.409, 185.974
-1.454, -2.300, -4.000, 155.273, 59.570, 220.093
-1.567, -1.715, -3.809, 170.898, -7.263, 244.324
-1.694, -1.267, -3.416, 176.025, -68.909, 254.395
-1.829, -1.150, -3.072, 178.589, -125.305, 255.249
-1.978, -1.176, -2.819, 181.396, -176.636, 254.089
-2.181, -1.315, -2.722, 181.213, -224.670, 254.761
-2.477, -1.513, -2.647, 177.429, -272.705, 259.766
-2.868, -1.702, -2.387, 166.565, -323.425, 269.043
-3.387, -1.783, -1.867, 154.724, -374.695, 284.729
-3.887, -1.709, -1.055, 143.433, -422.363, 304.626
-4.000, -1.469, -0.067, 130.920, -461.609, 326.050
-4.000, -1.166, 1.050, 124.634, -488.525, 345.337
-4.000, -0.938, 2.127, 143.982, -503.113, 359.497
-4.000, -0.616, 3.125, 156.128, -504.150, 369.751
-4.000, -0.040, 3.850, 154.907, -489.258, 377.563
-4.000, 1.074, 4.000, 156.189, -462.524, 384.766
-3.663, 2.571, 4.000, 151.489, -428.711, 376.221
-2.949, 3.999, 4.000, 137.268, -381.714, 343.201
-2.163, 4.000, 4.000, 127.136, -320.984, 280.029
-1.689, 4.000, 4.000, 125.854, -248.901, 193.542
-1.277, 4.000, 4.000, 127.869, -174.988, 106.079
-1.021, 3.661, 4.000, 124.084, -104.431, 28.687
-0.961, 2.474, 4.000, 113.708, -46.875, -25.146
-0.947, 1.792, 3.648, 107.788, -8.606, -52.246
-0.962, 1.505, 3.257, 104.919, 19.104, -65.918
-0.990, 1.541, 3.052, 103.516, 42.297, -74.341
-1.046, 1.822, 3.054, 103.760, 63.416, -83.008
-1.150, 2.155, 3.078, 102.173, 86.609, -98.633
-1.279, 2.324, 2.979, 98.145, 113.464, -122.742
-1.446, 2.366, 2.786, 94.421, 141.357, -151.550
-1.638, 2.445, 2.552, 87.219, 167.908, -180.786
-1.856, 2.472, 2.301, 74.524, 192.749, -212.402
-2.109, 2.511, 2.024, 52.429, 214.722, -245.728
-2.427, 2.761, 1.766, 18.188, 233.032, -279.419
-2.870, 3.141, 1.554, -37.048, 245.789, -320.618
-3.443, 3.291, 1.312, -112.061, 252.258, -376.099
-3.998, 3.099, 1.084, -193.726, 249.451, -443.787
-4.000, 2.509, 1.002, -263.794, 234.314, -516.724
-4.000, 1.607, 1.114, -311.707, 208.069, -586.426
-4.000, 0.584, 1.509, -338.745, 175.354, -643.555
-4.000, -0.456, 1.993, -335.388, 143.860, -683.594
-4.000, -1.534, 2.361, -306.335, 121.460, -704.651
-4.000, -2.647, 2.599, -269.775, 109.192, -708.130
-4.000, -3.882, 2.875, -225.281, 104.736, -691.772
-4.000, -4.000, 2.982, -168.213, 111.206, -651.550
-3.994, -4.000, 2.845, -102.051, 129.211, -586.060
-3.269, -4.000, 2.415, -51.208, 153.625, -501.770
-2.553, -4.000, 1.664, -12.756, 177.612, -408.508
-1.975, -4.000, 0.650, 24.475, 193.542, -315.125
-1.536, -4.000, -0.349, 60.425, 193.848, -229.065
-1.200, -3.997, -1.115, 73.486, 176.758, -154.236
-0.922, -2.712, -1.485, 58.899, 144.592, -99.915
-0.706, -1.631, -1.625, 40.161, 104.797, -75.684
-0.608, -0.998, -1.435, 17.944, 61.707, -75.928
-0.553, -0.844, -0.959, -7.202, 19.897, -88.196
-0.511, -1.116, -0.186, -31.921, -13.977, -103.333
-0.486, -1.544, 0.539, -38.574, -35.950, -110.657
-0.452, -1.930, 1.050, -29.602, -43.884, -106.628
-0.378, -2.142, 1.370, -14.160, -42.542, -92.529
-0.305, -2.207, 1.542, 2.441, -35.400, -72.876
-0.250, -2.115, 1.608, 16.174, -25.330, -51.086
-0.179, -1.832, 1.581, 25.146, -13.916, -29.114
-0.147, -1.446, 1.449, 28.076, -2.991, -11.353
-0.110, -1.112, 1.233, 23.499, 6.287, -1.038
-0.075, -0.862, 1.000, 11.169, 12.512, 4.028
-0.046, -0.682, 0.821, -4.028, 14.954, 5.554
-0.019, -0.572, 0.707, -17.090, 13.916, 5.005
-0.004, -0.509, 0.644, -21.667, 10.620, 3.662
0.012, -0.431, 0.613, -18.127, 6.287, 2.930
0.019, -0.367, 0.626, -10.925, 1.709, 1.465
0.023, -0.360, 0.722, -3.845, -3.052, -0.793
0.016, -0.427, 0.853, 3.174, -6.592, -3.296
0.011, -0.531, 0.927, 8.911, -7.690, -4.578
0.021, -0.553, 0.930, 12.634, -7.202, -3.174
0.019, -0.564, 0.883, 11.780, -6.287, -1.282
0.009, -0.517, 0.838, 7.996, -6.470, 1.343
-0.000, -0.460, 0.807, 4.822, -7.568, 3.662
-0.015, -0.399, 0.805, 4.089, -9.094, 4.883
-0.025, -0.349, 0.840, 3.601, -11.292, 4.822
-0.039, -0.351, 0.903, 4.333, -13.245, 3.418
-0.048, -0.401, 0.972, 5.493, -14.099, 1.892
-0.049, -0.462, 1.059, 6.592, -14.099, 1.709
-0.064, -0.454, 1.137, 8.362, -12.695, 3.845
-0.067, -0.411, 1.174, 7.324, -9.888, 6.042
-0.071, -0.375, 1.149, 4.150, -6.470, 7.263
-0.074, -0.346, 1.084, 1.526, -3.235, 7.751
-0.076, -0.338, 0.997, 0.916, -0.977, 7.568
-0.065, -0.339, 0.913, 0.671, -0.183, 7.629
-0.067, -0.318, 0.849, 0.610, -0.305, 7.996
-0.065, -0.305, 0.808, 1.282, -1.648, 7.874
-0.062, -0.317, 0.781, 2.136, -3.601, 7.324
-0.059, -0.366, 0.788, 2.991, -6.226, 7.080
-0.055, -0.391, 0.869, 5.493, -8.972, 8.057
-0.058, -0.353, 0.962, 8.423, -10.742, 10.437

-0.218, -0.848, 2.242, -48.828, -22.644, 8.789
-0.229, -0.953, 2.540, -52.673, -15.686, 10.071
-0.262, -1.028, 2.895, -49.622, -6.104, 13.611
-0.298, -1.133, 3.263, -39.551, 7.080, 17.761
-0.354, -1.284, 3.542, -25.330, 25.391, 22.949
-0.421, -1.354, 3.673, -13.367, 49.133, 30.823
-0.527, -1.343, 3.825, -2.808, 75.500, 41.138
-0.608, -1.226, 3.952, 3.357, 103.027, 52.063
-0.735, -1.020, 4.000, -0.122, 133.850, 61.523
-0.881, -0.731, 4.000, -5.310, 166.870, 68.420
-1.041, -0.452, 3.990, -11.108, 201.782, 69.641
-1.230, -0.202, 3.878, -20.752, 237.854, 65.613
-1.439, -0.085, 3.627, -25.940, 274.963, 56.030
-1.658, -0.119, 3.237, -22.156, 311.523, 43.945
-1.843, -0.185, 2.741, -11.169, 344.116, 33.630
-2.039, -0.342, 2.226, 4.517, 371.155, 25.635
-2.194, -0.512, 1.723, 16.602, 393.433, 20.386
-2.313, -0.669, 1.244, 30.090, 411.133, 19.409
-2.374, -0.915, 0.287, 35.583, 426.453, 20.691
-2.439, -0.996, -0.669, 31.128, 434.021, 24.414
-2.367, -1.158, -1.384, 42.603, 421.082, 30.945
-2.202, -1.242, -2.318, 39.551, 402.771, 36.682
-1.983, -1.392, -2.961, 35.400, 369.507, 40.833
-1.667, -1.697, -3.449, 40.344, 324.951, 44.128
-1.393, -2.148, -3.709, 52.246, 272.461, 49.927
-1.174, -2.464, -3.736, 73.242, 216.003, 65.186
-1.057, -2.583, -3.624, 99.976, 157.959, 88.257
-1.007, -2.548, -3.442, 134.705, 102.173, 114.807
-1.047, -2.452, -3.233, 175.903, 47.791, 141.235
-1.123, -2.069, -2.969, 189.514, -1.892, 167.358
-1.234, -1.651, -2.793, 211.487, -48.767, 187.866
-1.338, -1.244, -2.605, 230.469, -94.543, 200.195
-1.443, -0.983, -2.481, 229.797, -137.512, 204.285
-1.607, -0.805, -2.384, 217.773, -179.016, 203.918
-1.740, -0.768, -2.318, 202.881, -219.299, 200.745
-1.911, -0.884, -2.162, 190.125, -260.193, 196.655
-2.166, -1.040, -1.829, 177.979, -301.636, 195.923
-2.454, -1.142, -1.359, 167.725, -341.919, 200.378
-2.715, -1.139, -0.786, 156.433, -377.686, 209.045
-2.980, -1.128, -0.078, 144.409, -408.081, 218.994
-3.184, -1.048, 0.638, 133.240, -430.847, 231.018
-3.316, -0.829, 1.275, 120.178, -444.153, 244.568
-3.285, -0.278, 1.932, 111.755, -449.097, 260.864
-3.149, 0.476, 2.796, 112.366, -447.998, 270.935
-2.816, 1.523, 3.915, 130.981, -436.890, 270.264
-2.325, 2.610, 4.000, 175.110, -410.156, 251.770
-1.919, 3.547, 4.000, 192.322, -365.417, 209.106
-1.454, 3.879, 4.000, 186.218, -301.208, 148.315
-0.986, 3.628, 4.000, 170.044, -223.877, 79.407
-0.736, 2.804, 4.000, 156.250, -149.475, 17.822
-0.629, 1.854, 4.000, 143.799, -90.454, -27.161
-0.593, 1.154, 3.326, 128.357, -52.002, -51.941
-0.616, 0.775, 2.718, 109.802, -28.564, -61.523
-0.627, 0.968, 2.390, 91.980, -14.648, -61.279
-0.675, 1.683, 2.473, 86.609, -7.568, -60.547
-0.790, 2.398, 2.807, 86.487, 0.366, -75.500
-0.935, 2.635, 3.003, 86.609, 17.090, -109.253
-1.094, 2.469, 2.877, 86.975, 41.992, -150.635
-1.276, 2.148, 2.536, 84.045, 68.604, -188.904
-1.469, 2.036, 2.205, 73.303, 91.309, -219.543
-1.678, 2.001, 2.009, 50.598, 108.337, -247.864
-1.948, 1.950, 1.934, 15.686, 121.399, -278.870
-2.230, 2.004, 2.056, -29.358, 131.836, -311.584
-2.576, 2.071, 2.345, -76.355, 140.869, -347.107
-2.943, 1.850, 2.442, -116.699, 153.381, -389.221
-3.408, 1.590, 2.812, -163.086, 165.405, -431.824
-3.867, 1.095, 3.024, -211.182, 176.208, -472.839
-4.000, 0.630, 3.063, -248.169, 189.880, -507.751
-4.000, 0.306, 3.031, -286.499, 199.585, -536.133
-4.000, -0.233, 2.908, -309.937, 204.041, -565.002
-4.000, -1.123, 2.843, -313.599, 203.186, -592.529
-4.000, -2.168, 2.783, -297.546, 200.745, -606.628
-4.000, -3.376, 2.576, -255.493, 200.745, -603.638
-4.000, -4.000, 2.216, -184.082, 204.285, -577.881
-3.733, -4.000, 1.592, -100.769, 212.097, -525.513
-2.952, -4.000, 0.633, -9.460, 219.543, -446.228
-2.178, -4.000, -0.444, 44.128, 218.933, -350.220
-1.574, -4.000, -1.349, 54.871, 202.209, -252.197
-1.146, -4.000, -1.881, 27.527, 167.603, -164.429
-0.866, -3.279, -1.948, -12.451, 121.033, -101.562
-0.718, -2.056, -1.670, -39.673, 70.251, -67.139
-0.655, -1.193, -1.145, -46.387, 22.705, -57.556
-0.610, -0.786, -0.460, -35.095, -15.320, -64.453
-0.579, -0.851, 0.240, -13.428, -41.870, -78.552
-0.547, -1.120, 0.851, 10.437, -55.969, -89.172
-0.499, -1.488, 1.291, 33.081, -58.533, -92.407
-0.418, -1.819, 1.536, 45.959, -52.673, -87.097
-0.333, -1.982, 1.651, 45.166, -42.236, -72.937
-0.263, -1.935, 1.742, 34.790, -30.396, -53.406
-0.217, -1.725, 1.756, 20.630, -17.700, -33.264
-0.178, -1.370, 1.640, 7.568, -4.333, -15.564
-0.150, -0.998, 1.408, 0.122, 7.202, -3.784
-0.124, -0.682, 1.157, -3.235, 15.503, 1.282
-0.102, -0.464, 0.967, -3.235, 19.043, 1.648
-0.073, -0.368, 0.829, -0.366, 19.287, -1.160
-0.041, -0.352, 0.742, 4.517, 17.273, -4.517
-0.017, -0.353, 0.703, 8.545, 13.977, -7.385
0.007, -0.361, 0.724, 10.620, 10.132, -8.972
0.016, -0.396, 0.762, 11.169, 6.653, -10.437
0.025, -0.392, 0.795, 12.024, 4.211, -10.254
0.030, -0.366, 0.817, 14.282, 2.441, -9.399
0.022, -0.352, 0.818, 16.113, 1.282, -8.850
0.026, -0.339, 0.817, 16.785, -0.244, -8.850
0.009, -0.333, 0.844, 16.052, -2.197, -9.033
-0.000, -0.281, 0.892, 14.343, -3.601, -8.911
-0.017, -0.304, 0.944, 12.756, -4.761, -10.315
-0.022, -0.365, 0.981, 11.658, -4.883, -11.963
-0.026, -0.445, 1.001, 10.925, -4.761, -12.573
-0.036, -0.521, 0.995, 10.498, -4.150, -11.658
-0.037, -0.561, 0.954, 9.399, -3.540, -9.094
-0.036, -0.566, 0.933, 8.972, -3.601, -5.188
-0.043, -0.535, 0.964, 8.301, -4.395, -1.770
-0.051, -0.445, 1.009, 7.446, -4.639, 1.831
-0.062, -0.365, 1.015, 6.287, -3.906, 4.089
-0.071, -0.354, 1.000, 7.385, -3.113, 4.150
-0.066, -0.275, 1.001, 9.521, -2.991, 4.822
-0.068, -0.223, 1.020, 10.864, -2.991, 4.517
-0.065, -0.257, 1.035, 11.719, -2.380, 2.136
-0.062, -0.364, 1.058, 12.451, -1.770, -0.061

0.152, -1.152, 1.744, 7.324, -5.432, 1.892
0.152, -1.273, 1.898, 6.836, 0.183, 3.540
0.155, -1.418, 2.023, 5.066, 7.019, 6.226
0.160, -1.578, 2.113, 3.540, 15.320, 10.498
0.164, -1.687, 2.145, 2.319, 24.597, 17.334
0.160, -1.714, 2.191, 0.488, 33.386, 26.123
0.157, -1.671, 2.343, 0.183, 41.260, 35.217
0.147, -1.639, 2.532, 0.061, 50.720, 43.091
0.117, -1.575, 2.703, -1.587, 63.110, 50.720
0.088, -1.513, 2.788, -3.723, 78.125, 57.190
0.045, -1.453, 2.818, -7.507, 94.360, 63.232
-0.026, -1.366, 2.904, -16.724, 110.962, 68.726
-0.133, -1.288, 2.994, -29.419, 129.089, 72.937
-0.264, -1.219, 2.956, -40.283, 149.963, 75.806
-0.398, -1.083, 2.809, -45.898, 171.936, 78.552
-0.525, -0.929, 2.556, -48.157, 193.298, 79.529
-0.657, -0.822, 2.244, -47.241, 212.402, 77.576
-0.773, -0.753, 1.859, -42.725, 227.966, 73.486
-0.849, -0.670, 1.467, -37.476, 239.868, 69.641
-0.922, -0.593, 1.132, -30.579, 246.643, 65.063
-0.977, -0.505, 0.773, -21.667, 250.916, 59.937
-1.007, -0.439, 0.399, -9.705, 252.380, 53.772
-1.015, -0.396, 0.067, 0.916, 250.183, 47.058
-1.019, -0.424, -0.223, 8.423, 244.507, 39.673
-1.009, -0.544, -0.446, 11.597, 236.938, 32.288
-1.026, -0.745, -0.639, 8.423, 227.722, 26.306
-1.021, -1.008, -0.897, 4.517, 218.506, 22.583
-1.038, -1.305, -1.268, -1.343, 208.557, 22.766
-1.050, -1.624, -1.650, -12.085, 195.068, 26.062
-1.055, -1.974, -1.999, -20.264, 176.514, 32.959
-1.065, -2.365, -2.375, -16.785, 154.724, 44.678
-1.064, -2.609, -2.736, -4.761, 128.357, 63.965
-1.073, -2.664, -3.128, 10.071, 97.717, 88.562
-1.089, -2.680, -3.481, 25.818, 61.096, 114.014
-1.172, -2.574, -3.714, 40.771, 19.165, 139.648
-1.341, -2.361, -3.696, 47.058, -27.344, 165.405
-1.523, -2.104, -3.430, 49.011, -76.660, 188.904
-1.732, -1.834, -3.055, 53.406, -123.352, 208.069
-1.946, -1.586, -2.695, 58.411, -164.551, 223.633
-2.158, -1.558, -2.219, 60.730, -202.332, 234.192
-2.364, -1.680, -1.631, 62.439, -234.985, 243.225
-2.547, -1.847, -1.119, 70.251, -258.667, 255.798
-2.717, -1.926, -0.902, 78.918, -274.475, 274.414
-2.915, -1.898, -0.949, 89.355, -287.109, 296.997
-3.156, -1.729, -1.039, 104.004, -304.199, 321.960
-3.536, -1.496, -1.054, 111.328, -328.979, 346.497
-3.963, -0.932, -0.742, 99.548, -359.985, 371.643
-4.000, 0.536, 0.148, 78.369, -393.799, 400.330
-4.000, 2.563, 1.531, 69.580, -419.983, 411.926
-3.715, 4.000, 2.861, 77.148, -426.758, 386.841
-3.110, 4.000, 3.663, 81.177, -409.912, 324.280
-2.503, 4.000, 4.000, 83.801, -380.676, 242.798
-2.019, 4.000, 4.000, 86.426, -347.107, 162.537
-1.693, 3.191, 4.000, 87.341, -313.293, 98.816
-1.391, 2.286, 4.000, 85.999, -280.396, 64.575
-1.195, 2.065, 4.000, 85.876, -247.437, 54.443
-1.052, 2.359, 4.000, 89.539, -208.618, 51.880
-0.934, 2.908, 4.000, 93.506, -163.635, 43.640
-0.849, 3.702, 4.000, 105.164, -118.164, 27.100
-0.818, 4.000, 4.000, 122.742, -74.524, -5.615
-0.848, 4.000, 4.000, 137.207, -32.349, -53.467
-0.922, 3.695, 3.812, 144.043, 6.653, -104.431
-1.025, 3.181, 3.224, 139.221, 40.894, -146.179
-1.162, 2.766, 2.705, 121.826, 69.397, -179.321
-1.301, 2.499, 2.250, 95.642, 91.736, -206.787
-1.461, 2.554, 1.918, 65.796, 108.704, -229.980
-1.677, 2.608, 1.736, 38.208, 120.117, -256.653
-1.945, 2.563, 1.665, 7.446, 128.784, -289.490
-2.252, 2.549, 1.668, -24.597, 135.437, -324.219
-2.581, 2.477, 1.760, -66.772, 140.869, -361.511
-2.985, 2.119, 1.858, -114.380, 144.897, -403.748
-3.354, 1.656, 1.928, -156.067, 147.888, -444.519
-3.712, 1.310, 1.875, -186.035, 149.597, -477.905
-3.989, 0.800, 1.744, -204.407, 148.376, -510.315
-4.000, 0.008, 1.654, -210.449, 142.761, -539.978
-4.000, -0.787, 1.573, -212.158, 134.888, -558.228
-4.000, -1.662, 1.446, -220.581, 125.916, -563.904
-3.895, -2.633, 1.493, -227.783, 112.793, -558.044
-3.525, -3.667, 1.649, -226.257, 98.938, -536.560
-3.006, -4.000, 1.738, -216.370, 90.088, -496.582
-2.434, -4.000, 1.552, -195.740, 86.853, -439.697
-2.005, -4.000, 0.919, -162.048, 86.243, -369.507
-1.573, -4.000, -0.004, -113.098, 79.895, -290.771
-1.271, -4.000, -0.823, -59.021, 59.570, -218.506
-1.079, -3.338, -1.258, -16.052, 24.902, -163.635
-0.960, -2.479, -1.073, 9.949, -19.165, -126.770
-0.893, -2.002, -0.167, 16.541, -64.575, -108.398
-0.842, -1.953, 1.025, 10.315, -96.008, -99.487
-0.746, -1.923, 1.968, 5.676, -105.164, -88.257
-0.636, -1.859, 2.597, 2.930, -96.497, -73.181
-0.528, -1.789, 2.878, 2.991, -76.172, -57.617
-0.433, -1.588, 2.837, 5.859, -49.988, -41.016
-0.340, -1.353, 2.551, 8.667, -23.987, -26.367
-0.270, -1.093, 2.175, 11.047, -2.991, -14.709
-0.197, -0.862, 1.812, 9.583, 12.268, -6.409
-0.121, -0.681, 1.482, 5.432, 22.522, -1.953
-0.069, -0.530, 1.180, 2.930, 28.503, 1.038
-0.011, -0.422, 0.973, 0.854, 29.968, 2.808
0.025, -0.319, 0.847, -0.732, 28.564, 4.211
0.050, -0.202, 0.740, -1.038, 26.062, 5.127
0.074, -0.089, 0.638, 1.343, 22.339, 4.700
0.083, -0.077, 0.528, 5.676, 17.883, 1.892
0.089, -0.118, 0.464, 11.963, 11.780, -1.099
0.085, -0.200, 0.460, 18.677, 4.272, -2.319
0.082, -0.263, 0.550, 23.010, -3.418, -2.502
0.074, -0.272, 0.705, 23.010, -9.949, -1.160
0.066, -0.240, 0.871, 20.935, -14.526, 0.793
0.044, -0.212, 1.030, 19.775, -16.052, 2.014
0.031, -0.113, 1.096, 19.104, -15.259, 4.028
0.017, -0.066, 1.094, 16.724, -12.939, 3.479
0.009, -0.103, 1.080, 12.695, -10.925, 1.343
-0.000, -0.195, 1.063, 9.521, -9.399, -0.427
-0.000, -0.244, 1.090, 7.568, -8.606, 0.305
-0.010, -0.245, 1.173, 7.812, -7.629, 2.747
-0.025, -0.188, 1.207, 7.935, -5.188, 5.188
-0.030, -0.159, 1.161, 7.629, -1.709, 6.531
-0.035, -0.172, 1.088, 7.629, 0.793, 6.775
-0.035, -0.233, 0.989, 8.545, 2.258, 7.263
-0.036, -0.210, 0.920, 9.399, 2.197, 9.521

-0.115, -0.261, 2.633, 66.833, -86.609, 13.245
-0.199, -0.212, 3.260, 62.378, -82.520, 10.437
-0.296, -0.367, 3.996, 59.875, -72.693, 4.822
-0.410, -0.592, 4.000, 63.965, -52.673, 1.282
-0.516, -0.869, 4.000, 74.951, -18.738, 1.465
-0.682, -1.223, 4.000, 88.867, 27.954, 5.005
-0.913, -1.481, 4.000, 104.492, 88.562, 15.564
-1.248, -1.521, 4.000, 119.263, 159.241, 33.386
-1.614, -1.225, 4.000, 128.784, 233.093, 55.542
-1.965, -0.732, 4.000, 123.840, 300.415, 74.585
-2.245, -0.345, 3.994, 101.074, 353.760, 82.397
-2.470, -0.250, 3.130, 78.003, 394.348, 80.261
-2.667, -0.435, 2.407, 67.810, 421.875, 74.646
-2.821, -0.607, 1.777, 73.914, 440.918, 74.707
-2.919, -0.472, 1.128, 86.609, 453.796, 83.618
-2.924, 0.061, 0.494, 94.360, 459.961, 94.971
-2.833, 0.736, -0.052, 96.191, 458.801, 98.083
-2.709, 1.111, -0.539, 94.604, 451.599, 85.266
-2.559, 0.954, -1.038, 94.116, 440.308, 60.364
-2.401, 0.500, -1.530, 95.581, 425.232, 36.316
-2.203, -0.126, -2.009, 97.534, 405.701, 19.775
-2.073, -0.731, -2.551, 108.521, 380.798, 14.404
-1.818, -1.040, -3.082, 117.737, 350.403, 20.752
-1.594, -1.197, -3.684, 137.085, 311.340, 32.715
-1.345, -1.083, -4.000, 154.175, 263.916, 47.180
-1.106, -0.865, -4.000, 172.485, 211.487, 57.861
-0.941, -0.826, -4.000, 172.485, 145.752, 61.279
-0.844, -1.121, -4.000, 166.199, 73.608, 58.777
-0.900, -1.642, -4.000, 155.273, -0.732, 57.556
-1.070, -2.146, -4.000, 138.000, -73.425, 65.796
-1.345, -2.377, -4.000, 116.394, -140.198, 84.473
-1.641, -2.437, -3.788, 109.741, -197.571, 107.483
-1.998, -2.350, -3.500, 123.840, -250.671, 130.432
-2.399, -2.170, -3.163, 148.193, -301.758, 151.611
-2.770, -2.130, -2.826, 166.931, -349.915, 166.626
-3.141, -2.285, -2.530, 180.237, -395.020, 177.979
-3.573, -2.377, -2.319, 186.768, -437.439, 193.298
-3.997, -2.273, -1.957, 182.983, -479.858, 213.623
-4.000, -1.970, -1.446, 164.978, -520.203, 234.070
-4.000, -1.705, -0.693, 142.395, -557.434, 249.939
-4.000, -1.591, 0.475, 124.695, -590.149, 261.414
-4.000, -1.573, 1.931, 112.122, -610.657, 271.729
-4.000, -1.528, 3.481, 95.886, -611.145, 285.034
-4.000, -1.211, 4.000, 73.120, -587.646, 303.589
-4.000, -0.372, 4.000, 59.326, -539.368, 325.317
-3.817, 1.204, 4.000, 44.556, -472.229, 341.919
-2.987, 3.321, 4.000, 41.260, -398.621, 338.135
-2.326, 4.000, 4.000, 55.786, -332.031, 294.678
-1.755, 4.000, 4.000, 80.750, -281.128, 216.309
-1.383, 4.000, 4.000, 110.718, -235.779, 116.882
-1.232, 4.000, 4.000, 122.375, -190.735, 21.118
-1.148, 2.942, 4.000, 118.835, -145.203, -49.316
-1.113, 1.833, 4.000, 102.234, -106.567, -92.651
-1.104, 1.046, 4.000, 79.468, -74.341, -115.479
-1.085, 0.672, 4.000, 61.829, -42.480, -122.986
-1.049, 0.645, 3.998, 55.237, -9.277, -122.986
-1.052, 0.829, 3.835, 58.044, 24.597, -123.291
-1.073, 1.200, 3.704, 70.007, 58.411, -126.648
-1.166, 1.484, 3.528, 87.097, 92.834, -138.306
-1.310, 1.668, 3.250, 95.032, 127.563, -157.471
-1.514, 1.900, 2.907, 93.384, 160.400, -180.237
-1.739, 2.105, 2.493, 84.290, 190.186, -207.825
-2.007, 2.370, 2.078, 70.007, 214.539, -239.258
-2.291, 2.755, 1.523, 45.288, 234.009, -275.513
-2.717, 3.175, 1.282, 2.869, 244.812, -321.350
-3.271, 3.277, 1.125, -59.814, 247.192, -380.371
-3.898, 3.067, 1.049, -135.620, 244.202, -449.219
-4.000, 2.483, 1.167, -208.679, 232.666, -520.691
-4.000, 1.566, 1.488, -272.949, 214.111, -589.294
-4.000, 0.413, 1.867, -323.425, 192.871, -645.630
-4.000, -0.714, 2.175, -358.215, 172.058, -684.814
-4.000, -1.825, 2.399, -366.943, 152.710, -704.041
-4.000, -3.167, 2.628, -342.529, 134.521, -707.153
-4.000, -4.000, 2.923, -269.897, 123.718, -686.584
-4.000, -4.000, 3.114, -162.170, 127.258, -635.193
-3.195, -4.000, 2.877, -48.279, 148.865, -547.363
-2.177, -4.000, 2.102, 31.311, 180.542, -428.589
-1.535, -4.000, 0.951, 51.819, 207.520, -294.067
-1.107, -4.000, -0.193, 18.494, 216.553, -171.631
-0.841, -3.322, -1.001, -41.382, 203.064, -86.365
-0.699, -1.204, -1.440, -97.107, 172.974, -43.457
-0.558, 0.200, -1.727, -114.441, 132.690, -43.030
-0.466, 0.810, -1.608, -96.619, 86.060, -72.266
-0.453, 0.440, -1.118, -62.744, 38.635, -113.403
-0.458, -0.464, -0.460, -28.381, 1.038, -145.630
-0.426, -1.421, 0.167, -1.343, -23.499, -158.264
-0.368, -2.183, 0.636, 19.897, -36.560, -150.269
-0.309, -2.495, 0.858, 31.921, -40.039, -124.756
-0.254, -2.390, 1.071, 28.015, -40.039, -92.285
-0.244, -2.026, 1.351, 17.334, -38.574, -61.218
-0.222, -1.521, 1.555, 8.606, -33.569, -36.682
-0.223, -1.025, 1.673, 5.249, -25.452, -21.606
-0.223, -0.650, 1.617, 5.737, -14.893, -15.442
-0.191, -0.522, 1.512, 6.104, -5.554, -16.907
-0.169, -0.542, 1.452, 5.920, 0.977, -20.508
-0.139, -0.632, 1.372, 5.188, 7.263, -22.156
-0.113, -0.732, 1.216, 5.310, 13.000, -21.240
-0.090, -0.809, 1.017, 6.104, 16.724, -17.334
-0.081, -0.773, 0.849, 4.944, 17.395, -10.742
-0.058, -0.589, 0.730, 2.869, 15.137, -3.296
-0.047, -0.403, 0.685, -0.244, 10.925, 1.160
-0.028, -0.221, 0.727, -2.502, 5.615, 3.174
-0.029, -0.106, 0.836, -1.160, 1.038, 1.953
-0.032, -0.078, 0.895, 4.517, -1.526, -1.221
-0.032, -0.160, 0.858, 10.254, -2.380, -4.944
-0.034, -0.310, 0.803, 13.489, -3.540, -7.996
-0.029, -0.384, 0.828, 14.648, -6.042, -7.507
-0.031, -0.429, 0.909, 14.038, -8.606, -5.310
-0.037, -0.466, 1.001, 12.695, -9.644, -2.991
-0.045, -0.486, 1.037, 10.986, -9.155, -0.183
-0.035, -0.422, 1.019, 8.362, -7.996, 4.272
-0.031, -0.244, 1.098, 3.540, -7.690, 8.789
-0.035, -0.129, 1.222, -0.977, -6.653, 9.888
-0.034, -0.111, 1.267, -1.953, -3.601, 8.057
-0.033, -0.171, 1.200, 0.793, 0.916, 5.676
-0.025, -0.189, 1.057, 3.540, 4.517, 5.188
-0.015, -0.141, 0.925, 4.150, 6.287, 6.287
-0.016, -0.088, 0.839, 0.854, 5.981, 6.348
-0.018, -0.098, 0.795, -2.075, 4.028, 4.761

0.048, -0.754, 2.395, 11.353, -18.250, 6.470
0.042, -0.574, 2.629, 15.747, -11.658, 13.367
0.017, -0.420, 2.922, 19.836, -4.578, 16.663
-0.028, -0.321, 3.263, 26.794, 5.127, 16.296
-0.082, -0.306, 3.552, 34.058, 18.921, 13.306
-0.150, -0.404, 3.944, 36.011, 36.560, 8.850
-0.267, -0.650, 4.000, 33.569, 58.655, 4.578
-0.441, -0.957, 4.000, 29.724, 88.379, 3.845
-0.668, -1.149, 4.000, 25.757, 127.747, 9.216
-0.978, -1.172, 4.000, 24.597, 177.185, 19.409
-1.318, -1.036, 4.000, 27.893, 233.337, 30.701
-1.658, -0.865, 4.000, 31.555, 289.001, 39.612
-1.924, -0.753, 3.666, 30.151, 336.487, 44.678
-2.158, -0.702, 2.859, 24.109, 371.826, 47.668
-2.373, -0.674, 2.099, 17.151, 397.522, 50.354
-2.480, -0.416, 1.491, 12.634, 413.818, 54.749
-2.560, -0.200, 0.943, 12.573, 423.706, 55.237
-2.609, -0.077, 0.384, 14.648, 429.443, 50.049
-2.609, -0.222, -0.196, 20.813, 430.359, 40.588
-2.591, -0.507, -0.769, 31.494, 425.781, 32.593
-2.535, -0.695, -1.491, 36.377, 417.236, 31.433
-2.398, -0.888, -2.255, 37.781, 400.452, 31.433
-2.199, -1.248, -2.949, 33.997, 373.169, 31.616
-1.942, -1.628, -3.692, 37.048, 335.876, 35.950
-1.631, -1.942, -4.000, 50.232, 287.964, 46.997
-1.345, -2.058, -4.000, 70.007, 228.088, 64.209
-1.206, -2.124, -4.000, 107.605, 158.386, 84.167
-1.079, -1.931, -4.000, 119.873, 81.909, 104.492
-1.126, -1.808, -4.000, 143.433, -0.793, 120.178
-1.316, -1.763, -4.000, 163.391, -84.900, 130.066
-1.579, -1.899, -4.000, 172.546, -163.330, 136.841
-1.882, -2.170, -3.510, 174.744, -231.506, 144.348
-2.225, -2.413, -2.754, 180.237, -287.781, 157.227
-2.542, -2.480, -2.172, 188.660, -333.374, 176.758
-2.910, -2.461, -1.697, 195.007, -371.704, 197.998
-3.245, -2.402, -1.327, 200.989, -405.701, 219.055
-3.599, -2.413, -1.059, 202.698, -437.317, 238.525
-3.998, -2.346, -0.751, 186.096, -468.567, 259.583
-4.000, -2.192, -0.218, 155.334, -498.840, 284.241
-4.000, -1.978, 0.812, 120.239, -527.161, 309.814
-4.000, -1.765, 2.050, 93.750, -545.288, 336.914
-4.000, -0.824, 3.374, 64.453, -546.143, 371.216
-4.000, 1.108, 4.000, 66.040, -527.893, 404.907
-3.982, 3.294, 4.000, 129.517, -487.671, 404.114
-3.203, 4.000, 4.000, 178.162, -429.077, 351.501
-2.304, 4.000, 4.000, 193.054, -353.943, 261.597
-1.511, 4.000, 4.000, 200.562, -269.043, 161.316
-1.047, 3.282, 4.000, 209.351, -184.143, 73.547
-0.878, 1.923, 4.000, 200.012, -109.924, 16.785
-0.819, 1.030, 3.645, 175.293, -55.603, -9.399
-0.814, 0.601, 2.643, 142.944, -22.095, -17.639
-0.855, 0.455, 1.914, 113.342, -5.005, -19.409
-0.867, 0.451, 1.512, 99.182, -1.099, -19.775
-0.847, 0.630, 1.428, 105.042, -4.822, -20.325
-0.832, 1.083, 1.744, 128.296, -10.803, -21.851
-0.834, 1.598, 2.408, 154.602, -12.024, -32.043
-0.873, 1.887, 3.000, 169.678, 0.244, -54.626
-0.952, 2.054, 3.367, 173.950, 27.283, -83.801
-1.073, 2.314, 3.489, 167.603, 64.270, -112.854
-1.320, 2.814, 3.425, 143.250, 105.469, -143.616
-1.740, 3.580, 3.257, 104.004, 146.484, -181.458
-2.264, 4.000, 2.926, 50.476, 185.974, -234.680
-2.938, 4.000, 2.393, -13.489, 220.032, -307.129
-3.768, 4.000, 1.892, -78.674, 241.882, -392.822
-4.000, 3.819, 1.573, -140.869, 248.901, -480.286
-4.000, 3.114, 1.610, -203.369, 242.859, -559.143
-4.000, 2.292, 1.933, -267.029, 227.600, -630.249
-4.000, 1.213, 2.300, -329.102, 208.801, -693.542
-4.000, -0.227, 2.610, -380.432, 188.232, -745.483
-4.000, -1.723, 2.921, -405.884, 165.649, -773.865
-4.000, -3.174, 3.151, -393.799, 145.264, -774.170
-4.000, -4.000, 3.285, -340.393, 132.751, -745.728
-4.000, -4.000, 3.131, -261.963, 132.324, -689.697
-4.000, -4.000, 2.593, -169.250, 141.724, -610.596
-3.297, -4.000, 1.805, -63.232, 154.968, -514.648
-2.241, -4.000, 0.746, 35.156, 165.527, -405.945
-1.496, -4.000, -0.414, 111.084, 166.382, -284.546
-1.014, -4.000, -1.168, 124.329, 150.024, -166.199
-0.797, -2.521, -1.612, 91.125, 117.981, -84.167
-0.638, -0.476, -1.572, 41.382, 75.745, -49.927
-0.620, 0.795, -1.175, -2.625, 30.884, -60.242
-0.662, 1.128, -0.517, -23.315, -7.935, -95.459
-0.755, 0.448, 0.315, -23.193, -37.231, -139.648
-0.777, -0.626, 0.975, -8.301, -52.979, -170.776
-0.732, -1.793, 1.511, 11.780, -56.396, -180.054
-0.624, -2.766, 1.898, 31.616, -50.781, -167.480
-0.527, -3.206, 2.050, 49.255, -37.659, -133.057
-0.432, -2.886, 1.928, 58.228, -20.386, -85.632
-0.376, -2.093, 1.608, 57.068, -4.822, -41.626
-0.339, -1.186, 1.355, 47.668, 4.883, -13.550
-0.314, -0.394, 1.208, 35.156, 9.583, -2.869
-0.296, 0.011, 1.104, 24.170, 12.024, -7.568
-0.269, 0.033, 1.024, 16.479, 12.939, -20.630
-0.263, -0.195, 1.001, 11.169, 13.184, -33.325
-0.231, -0.542, 0.961, 8.057, 13.184, -41.260
-0.195, -0.899, 0.939, 9.155, 12.390, -41.016
-0.168, -1.011, 0.914, 12.085, 11.902, -32.166
-0.151, -0.863, 0.892, 16.602, 11.414, -18.982
-0.149, -0.605, 0.815, 21.851, 10.986, -7.324
-0.130, -0.299, 0.765, 24.536, 9.644, -1.038
-0.128, 0.000, 0.808, 22.888, 6.836, 0.610
-0.138, 0.151, 0.882, 19.104, 4.700, -3.174
-0.149, 0.121, 0.917, 14.893, 4.028, -10.681
-0.154, -0.089, 0.904, 10.864, 4.211, -18.982
-0.163, -0.326, 0.892, 9.155, 4.395, -23.315
-0.162, -0.543, 0.860, 9.033, 4.272, -22.644
-0.156, -0.711, 0.801, 8.728, 3.662, -18.372
-0.153, -0.799, 0.730, 8.484, 2.136, -10.803
-0.144, -0.658, 0.794, 8.911, -1.404, -0.427
-0.155, -0.354, 1.009, 11.108, -5.371, 9.521
-0.164, -0.083, 1.143, 15.076, -5.310, 13.611
-0.169, 0.101, 1.139, 19.287, -2.563, 12.207
-0.164, 0.180, 1.076, 17.883, 0.427, 7.263
-0.158, 0.133, 1.034, 12.085, 1.953, 0.916
-0.155, -0.019, 0.990, 6.226, 2.563, -4.517
-0.149, -0.197, 0.914, 2.991, 2.991, -7.629
-0.141, -0.358, 0.823, 3.601, 2.441, -7.507
-0.134, -0.438, 0.767, 6.042, 0.183, -4.150
-0.136, -0.386, 0.799, 7.935, -3.601, 1.160

-0.441, -0.672, 2.004, -29.175, -59.204, 33.325
-0.546, -0.797, 2.041, -23.743, -59.875, 33.325
-0.693, -0.984, 2.218, -5.554, -64.087, 34.485
-0.819, -1.264, 2.511, 23.499, -68.970, 37.292
-0.921, -1.642, 2.851, 54.260, -71.411, 42.786
-1.021, -2.048, 3.138, 78.064, -69.153, 53.955
-1.130, -2.353, 3.393, 90.210, -62.073, 72.388
-1.257, -2.443, 3.676, 88.440, -50.598, 97.534
-1.395, -2.302, 3.985, 71.899, -33.081, 125.549
-1.522, -2.022, 4.000, 47.180, -7.874, 151.428
-1.640, -1.593, 4.000, 23.499, 25.269, 173.279
-1.741, -1.157, 4.000, 6.348, 67.017, 189.392
-1.823, -0.632, 4.000, -2.258, 114.380, 198.486
-1.876, -0.015, 4.000, 8.789, 164.429, 202.576
-2.054, 0.300, 4.000, 27.527, 215.454, 194.824
-2.224, 0.488, 4.000, 39.978, 268.677, 183.228
-2.403, 0.629, 3.570, 42.175, 322.205, 170.715
-2.607, 0.740, 2.904, 30.457, 370.911, 158.264
-2.809, 0.923, 2.298, 6.409, 411.926, 144.897
-2.988, 1.102, 1.678, -26.062, 447.021, 127.563
-3.096, 1.224, 1.106, -64.697, 474.548, 104.370
-3.172, 1.165, 0.647, -107.178, 494.751, 74.341
-3.228, 0.916, 0.173, -140.015, 509.216, 40.588
-3.248, 0.521, -0.292, -156.250, 517.761, 8.972
-3.215, 0.067, -0.776, -154.724, 519.714, -16.296
-3.149, -0.289, -1.275, -137.634, 515.320, -33.203
-3.098, -0.486, -1.715, -101.746, 504.272, -41.687
-2.980, -0.586, -2.201, -46.387, 487.610, -45.166
-2.758, -0.698, -2.839, 26.794, 466.003, -44.128
-2.375, -0.861, -3.556, 92.346, 436.340, -40.405
-2.085, -1.140, -4.000, 156.921, 395.874, -31.555
-1.624, -1.358, -4.000, 176.331, 345.398, -18.433
-1.202, -1.516, -4.000, 160.461, 283.142, -2.380
-0.897, -1.664, -4.000, 140.015, 209.534, 13.000
-0.704, -1.866, -4.000, 111.694, 129.883, 26.855
-0.657, -2.081, -4.000, 91.125, 49.744, 41.382
-0.759, -2.095, -4.000, 87.524, -27.588, 59.875
-0.911, -1.870, -4.000, 92.407, -102.051, 79.468
-1.130, -1.669, -4.000, 99.915, -170.349, 93.811
-1.354, -1.621, -3.712, 103.638, -229.492, 103.149
-1.583, -1.544, -3.178, 105.591, -280.457, 113.037
-1.866, -1.296, -2.586, 120.667, -326.843, 125.305
-2.240, -1.127, -2.015, 157.593, -368.103, 131.714
-2.503, -1.260, -1.511, 182.617, -403.320, 128.662
-2.812, -1.406, -1.072, 202.209, -434.570, 127.991
-3.076, -1.663, -0.649, 206.787, -461.731, 127.930
-3.315, -1.946, -0.241, 201.721, -485.352, 132.507
-3.605, -2.319, 0.235, 198.975, -507.446, 140.564
-3.851, -2.728, 0.917, 191.345, -528.809, 154.968
-4.000, -2.977, 1.872, 173.340, -545.654, 178.833
-4.000, -2.509, 2.958, 139.099, -551.514, 217.407
-4.000, -0.934, 4.000, 118.774, -542.847, 263.489
-3.592, 0.983, 4.000, 123.840, -515.137, 284.912
-2.880, 2.677, 4.000, 153.015, -465.332, 265.137
-2.217, 3.394, 4.000, 162.842, -395.020, 207.520
-1.651, 3.320, 4.000, 147.888, -312.561, 133.911
-1.171, 2.598, 4.000, 130.005, -231.445, 64.575
-0.924, 1.466, 4.000, 115.051, -162.598, 9.949
-0.805, 0.305, 4.000, 96.252, -110.474, -22.400
-0.752, -0.521, 3.833, 70.862, -71.106, -30.396
-0.814, -0.939, 3.259, 48.523, -42.419, -21.240
-0.785, -0.563, 2.687, 40.527, -22.156, 1.587
-0.754, 0.413, 2.451, 51.880, -12.207, 22.827
-0.788, 1.343, 2.558, 73.059, -7.690, 23.071
-0.776, 1.856, 2.765, 89.050, 0.427, 1.770
-0.770, 1.905, 2.871, 97.961, 15.503, -30.762
-0.818, 1.729, 2.808, 101.746, 37.109, -63.843
-0.870, 1.666, 2.611, 101.746, 61.401, -90.393
-0.959, 1.726, 2.385, 100.037, 84.412, -113.342
-1.105, 1.847, 2.097, 92.773, 105.774, -136.902
-1.273, 2.013, 1.798, 78.735, 124.512, -164.246
-1.469, 2.133, 1.492, 60.547, 140.015, -196.594
-1.711, 1.955, 1.070, 42.603, 151.855, -234.558
-1.920, 1.775, 0.941, 18.677, 156.189, -271.790
-2.145, 1.455, 0.922, 5.554, 157.104, -307.678
-2.375, 1.340, 1.074, -11.902, 157.654, -337.341
-2.641, 1.509, 1.316, -34.302, 159.973, -362.732
-2.996, 1.886, 1.608, -67.749, 164.856, -392.334
-3.490, 2.362, 1.905, -113.342, 171.936, -431.091
-4.000, 2.510, 2.138, -162.903, 179.810, -485.474
-4.000, 2.073, 2.339, -205.566, 185.791, -552.612
-4.000, 1.302, 2.613, -229.004, 189.636, -617.920
-4.000, 0.363, 2.860, -233.215, 193.237, -671.692
-4.000, -0.869, 2.984, -228.638, 199.768, -715.881
-4.000, -2.397, 2.881, -205.872, 209.961, -741.882
-4.000, -3.954, 2.707, -186.646, 222.473, -741.943
-4.000, -4.000, 2.281, -183.411, 235.107, -710.999
-4.000, -4.000, 1.617, -165.039, 242.737, -648.682
-3.802, -4.000, 0.846, -149.780, 241.943, -555.664
-2.671, -4.000, 0.149, -136.963, 229.248, -439.514
-1.777, -4.000, -0.389, -114.807, 205.933, -317.810
-1.197, -4.000, -0.803, -72.266, 176.453, -202.393
-0.840, -4.000, -1.065, -12.207, 143.311, -103.821
-0.585, -3.917, -1.218, 51.758, 108.704, -25.818
-0.434, -2.349, -1.229, 100.586, 73.425, 27.710
-0.368, -0.897, -1.044, 112.000, 38.269, 52.734
-0.288, 0.261, -0.864, 99.976, 6.775, 52.307
-0.220, 0.934, -0.444, 58.472, -20.996, 27.588
-0.258, 1.085, 0.226, 4.761, -44.678, -8.240
-0.312, 0.825, 0.941, -29.053, -58.594, -46.509
-0.348, 0.232, 1.521, -35.950, -61.401, -79.285
-0.355, -0.585, 1.904, -26.245, -54.077, -101.318
-0.328, -1.386, 2.079, -10.681, -40.039, -107.605
-0.296, -1.945, 2.052, 4.700, -22.827, -96.924
-0.254, -2.146, 1.856, 16.174, -5.859, -73.547
-0.220, -2.022, 1.571, 25.208, 7.629, -44.678
-0.194, -1.634, 1.342, 27.161, 16.418, -17.334
-0.167, -1.191, 1.214, 19.409, 21.179, 1.953
-0.155, -0.776, 1.110, 8.423, 23.865, 13.428
-0.132, -0.420, 1.009, -0.916, 25.635, 18.372
-0.121, -0.170, 0.909, -7.385, 26.123, 17.578
-0.106, -0.082, 0.794, -10.437, 25.085, 12.268
-0.085, -0.044, 0.729, -10.010, 22.278, 6.287
-0.059, -0.021, 0.692, -5.066, 18.066, 1.465
-0.040, -0.057, 0.697, 1.038, 13.611, -3.235
-0.055, -0.152, 0.730, 7.263, 8.911, -7.446
-0.060, -0.216, 0.764, 13.794, 5.188, -9.705
-0.054, -0.298, 0.811, 15.015, 2.319, -10.925
-0.058, -0.394, 0.868, 12.268, 0.061, -10.864

-0.741, -0.570, 2.018, 5.493, -148.010, 35.034
-0.832, -0.440, 2.273, 7.080, -148.865, 41.565
-0.918, -0.327, 2.594, 1.770, -147.339, 45.410
-0.978, -0.149, 3.045, -0.916, -143.738, 47.668
-1.040, -0.057, 3.621, 1.953, -135.559, 46.387
-1.066, -0.050, 4.000, 7.568, -120.178, 42.358
-1.087, -0.217, 4.000, 12.878, -95.642, 36.133
-1.133, -0.444, 4.000, 17.578, -59.753, 32.410
-1.223, -0.654, 4.000, 30.762, -10.864, 33.142
-1.383, -0.782, 4.000, 41.382, 53.162, 37.292
-1.614, -0.876, 4.000, 47.607, 129.944, 44.128
-1.996, -0.836, 4.000, 57.007, 212.219, 53.650
-2.496, -0.595, 4.000, 72.571, 294.678, 65.674
-3.042, -0.206, 4.000, 87.708, 376.221, 76.660
-3.609, 0.252, 4.000, 95.032, 451.904, 81.665
-4.000, 0.490, 3.626, 98.267, 513.245, 79.102
-4.000, 0.656, 2.545, 98.267, 560.730, 71.716
-4.000, 0.667, 1.624, 89.783, 595.398, 61.768
-4.000, 0.612, 0.824, 78.125, 617.859, 51.208
-4.000, 0.552, 0.113, 64.209, 630.737, 41.138
-4.000, 0.398, -0.521, 49.744, 635.925, 29.480
-4.000, 0.111, -1.157, 39.429, 634.094, 16.785
-4.000, -0.192, -1.933, 35.217, 625.305, 6.653
-4.000, -0.579, -2.785, 30.273, 606.201, -2.136
-4.000, -1.138, -3.753, 53.223, 573.853, -7.874
-3.514, -1.590, -4.000, 98.389, 525.818, -2.319
-2.834, -2.003, -4.000, 160.095, 461.304, 14.587
-2.079, -2.238, -4.000, 190.430, 381.653, 40.649
-1.482, -2.343, -4.000, 207.764, 284.363, 72.021
-1.070, -2.167, -4.000, 209.229, 176.208, 104.431
-0.926, -1.903, -4.000, 177.673, 70.129, 130.371
-1.038, -1.588, -4.000, 154.419, -25.269, 148.865
-1.242, -1.292, -4.000, 139.832, -106.628, 161.560
-1.471, -1.029, -3.992, 138.306, -175.354, 168.823
-1.714, -0.836, -3.648, 147.644, -234.375, 170.776
-2.031, -0.815, -3.401, 160.095, -288.513, 167.175
-2.379, -0.915, -3.131, 173.157, -342.224, 162.415
-2.814, -1.047, -2.867, 181.335, -394.958, 159.058
-3.322, -1.208, -2.609, 182.983, -446.228, 158.325
-3.854, -1.437, -2.239, 176.636, -497.253, 159.485
-4.000, -1.789, -1.632, 163.208, -547.485, 164.001
-4.000, -2.051, -0.715, 151.733, -594.543, 175.598
-4.000, -2.277, 0.571, 152.161, -633.667, 193.604
-4.000, -2.254, 2.033, 164.185, -659.912, 217.529
-4.000, -1.803, 3.632, 178.528, -668.823, 245.056
-4.000, -0.805, 4.000, 178.345, -653.259, 268.616
-4.000, 0.217, 4.000, 165.710, -604.736, 273.499
-3.657, 1.096, 4.000, 146.790, -530.518, 258.606
-2.807, 1.556, 4.000, 100.342, -438.110, 228.271
-2.109, 1.539, 4.000, 54.871, -335.632, 192.566
-1.589, 1.216, 4.000, 32.227, -234.009, 160.522
-1.261, 0.798, 4.000, 32.104, -147.644, 138.489
-1.089, 0.767, 4.000, 46.448, -90.027, 129.333
-1.045, 1.098, 3.512, 83.862, -54.443, 125.183
-0.988, 1.689, 3.241, 126.770, -33.020, 116.943
-0.947, 2.258, 3.132, 154.663, -15.320, 96.680
-0.903, 2.810, 3.135, 164.734, 2.808, 65.796
-0.907, 3.071, 3.088, 163.452, 24.353, 24.475
-0.961, 3.023, 2.898, 151.306, 49.744, -22.461
-1.055, 2.890, 2.633, 136.902, 75.989, -68.359
-1.199, 2.754, 2.374, 121.582, 100.281, -110.901
-1.371, 2.666, 2.127, 104.309, 121.277, -150.757
-1.578, 2.573, 1.916, 90.088, 140.259, -190.979
-1.808, 2.444, 1.700, 74.341, 157.532, -231.628
-2.067, 2.406, 1.438, 62.805, 173.035, -270.081
-2.357, 2.504, 1.264, 41.077, 185.669, -308.228
-2.692, 2.746, 1.235, -3.479, 192.993, -349.121
-3.190, 3.063, 1.345, -50.293, 196.960, -397.034
-3.907, 3.521, 1.601, -101.624, 198.914, -452.026
-4.000, 3.824, 1.842, -155.457, 200.134, -519.958
-4.000, 3.494, 1.980, -204.346, 199.768, -602.783
-4.000, 2.636, 2.144, -244.019, 193.726, -687.805
-4.000, 1.413, 2.401, -259.583, 183.655, -763.306
-4.000, 0.038, 2.713, -269.653, 172.485, -819.885
-4.000, -1.520, 3.065, -288.208, 162.170, -857.727
-4.000, -3.240, 3.491, -296.021, 153.076, -870.361
-4.000, -4.000, 3.854, -292.175, 151.733, -853.088
-4.000, -4.000, 3.872, -267.517, 160.217, -798.828
-4.000, -4.000, 3.479, -218.262, 177.063, -704.102
-3.970, -4.000, 2.663, -155.884, 197.266, -576.538
-2.806, -4.000, 1.625, -82.703, 212.585, -438.904
-1.954, -4.000, 0.675, -9.766, 216.553, -309.998
-1.468, -4.000, -0.221, 55.481, 209.778, -191.589
-1.080, -4.000, -1.055, 106.018, 192.810, -85.754
-0.816, -2.610, -1.649, 113.098, 163.330, -8.362
-0.598, -0.559, -2.120, 82.764, 123.596, 27.283
-0.461, 0.976, -2.221, 49.683, 73.669, 20.935
-0.456, 1.558, -1.738, 28.320, 16.907, -15.869
-0.503, 1.269, -0.615, 21.423, -34.546, -65.002
-0.563, 0.342, 0.502, 15.625, -67.688, -109.436
-0.552, -0.825, 1.364, 9.583, -79.041, -135.010
-0.485, -1.873, 2.000, 7.019, -75.134, -137.573
-0.388, -2.570, 2.382, 11.719, -60.059, -117.920
-0.290, -2.757, 2.484, 23.743, -37.964, -82.031
-0.215, -2.397, 2.305, 35.034, -13.367, -39.673
-0.208, -1.606, 1.864, 42.542, 8.179, -2.319
-0.206, -0.809, 1.410, 42.480, 23.071, 19.531
-0.179, -0.163, 1.047, 34.668, 30.273, 26.001
-0.154, 0.233, 0.787, 20.691, 30.823, 20.325
-0.137, 0.361, 0.673, 8.606, 26.978, 7.629
-0.112, 0.213, 0.659, 1.709, 20.630, -6.653
-0.097, -0.110, 0.693, 0.366, 14.221, -18.372
-0.073, -0.439, 0.745, 3.906, 8.667, -23.071
-0.057, -0.631, 0.849, 9.521, 4.517, -20.325
-0.060, -0.677, 0.950, 14.648, 1.770, -12.939
-0.065, -0.610, 0.996, 18.738, 1.099, -4.639
-0.067, -0.430, 0.988, 18.677, 1.709, 2.563
-0.075, -0.231, 0.975, 16.113, 2.075, 7.019
-0.088, -0.131, 0.972, 14.587, 2.136, 6.897
-0.095, -0.081, 1.003, 13.367, 1.526, 5.005
-0.104, -0.048, 1.027, 11.780, 1.526, 2.869
-0.097, -0.032, 1.051, 10.437, 1.587, 0.427
-0.099, -0.137, 1.079, 10.132, 1.831, -2.502
-0.103, -0.266, 1.075, 10.620, 2.502, -3.906
-0.095, -0.311, 1.039, 11.475, 3.418, -2.380
-0.079, -0.238, 1.003, 10.864, 3.967, 0.732
-0.083, -0.155, 0.987, 9.155, 4.150, 2.991
-0.083, -0.141, 0.953, 7.690, 4.150, 2.930
-0.084, -0.183, 0.900, 7.812, 3.845, 1.709

-0.441, -0.274, 2.421, -1.587, -97.534, 15.625
-0.519, -0.164, 2.908, 2.808, -95.703, 15.869
-0.594, -0.127, 3.539, 16.296, -89.172, 14.832
-0.661, -0.183, 4.000, 32.288, -73.486, 11.536
-0.714, -0.404, 4.000, 53.406, -46.265, 7.812
-0.778, -0.746, 4.000, 72.754, -7.080, 6.592
-0.885, -1.042, 4.000, 86.731, 43.762, 11.841
-1.073, -1.228, 4.000, 100.525, 104.004, 23.682
-1.322, -1.277, 4.000, 113.647, 168.518, 39.917
-1.642, -1.308, 4.000, 123.352, 232.605, 58.777
-1.967, -0.990, 4.000, 126.221, 294.739, 80.017
-2.282, -0.613, 3.972, 113.159, 350.586, 97.656
-2.566, -0.205, 3.200, 97.412, 395.813, 106.934
-2.797, 0.186, 2.452, 86.182, 431.458, 108.887
-2.960, 0.602, 1.798, 73.608, 457.947, 104.736
-3.065, 1.083, 1.243, 56.946, 476.929, 93.689
-3.160, 1.367, 0.757, 35.400, 490.051, 71.594
-3.287, 1.277, 0.306, 12.329, 498.779, 38.391
-3.448, 0.900, -0.191, -4.578, 504.333, 3.235
-3.545, 0.451, -0.859, -13.184, 505.615, -28.076
-3.461, -0.145, -1.698, -10.925, 499.451, -55.664
-3.228, -0.917, -2.658, 9.460, 481.323, -76.965
-2.823, -1.794, -3.624, 43.274, 447.754, -86.304
-2.261, -2.773, -4.000, 82.275, 397.217, -80.627
-1.787, -3.592, -4.000, 124.207, 336.914, -56.458
-1.321, -4.000, -4.000, 144.531, 263.733, -16.541
-1.064, -4.000, -4.000, 153.015, 170.959, 36.438
-1.074, -4.000, -4.000, 154.297, 67.627, 99.121
-1.299, -3.544, -4.000, 141.296, -30.945, 157.349
-1.637, -2.792, -4.000, 125.061, -115.662, 197.205
-1.986, -2.188, -3.996, 126.587, -185.730, 220.886
-2.329, -1.905, -3.728, 131.775, -244.934, 232.361
-2.692, -1.909, -3.544, 136.719, -300.415, 237.793
-3.169, -2.163, -3.384, 142.578, -356.079, 243.530
-3.748, -2.346, -3.006, 148.804, -413.391, 256.409
-4.000, -2.457, -2.515, 148.132, -469.055, 275.879
-4.000, -2.463, -1.732, 144.104, -521.667, 299.133
-4.000, -2.344, -0.663, 133.118, -567.871, 325.134
-4.000, -2.132, 0.568, 119.568, -601.990, 351.501
-4.000, -1.945, 1.958, 109.009, -620.422, 375.000
-4.000, -1.851, 3.185, 119.080, -620.667, 396.606
-4.000, -1.344, 4.000, 113.525, -603.760, 421.143
-4.000, -0.536, 4.000, 92.773, -566.284, 443.542
-4.000, 0.744, 4.000, 79.468, -513.672, 458.862
-4.000, 2.603, 4.000, 92.102, -452.881, 459.961
-3.850, 4.000, 4.000, 121.643, -390.869, 430.969
-2.845, 4.000, 4.000, 148.743, -329.041, 358.887
-2.149, 4.000, 4.000, 169.922, -264.160, 251.343
-1.684, 4.000, 4.000, 166.809, -196.411, 138.672
-1.404, 3.652, 4.000, 145.081, -127.869, 49.255
-1.287, 2.448, 4.000, 120.300, -67.505, -5.920
-1.237, 1.811, 3.934, 95.398, -21.118, -34.973
-1.218, 1.478, 3.474, 75.134, 10.925, -53.223
-1.203, 1.285, 3.315, 63.843, 36.194, -68.970
-1.224, 1.057, 3.326, 68.420, 60.242, -83.679
-1.250, 0.886, 3.294, 83.618, 88.257, -94.421
-1.310, 0.795, 3.123, 98.755, 119.934, -101.746
-1.405, 0.860, 2.798, 107.056, 151.978, -106.567
-1.499, 1.120, 2.392, 109.802, 180.847, -111.511
-1.611, 1.498, 2.008, 110.413, 204.224, -120.850
-1.715, 1.953, 1.722, 106.995, 221.741, -136.780
-1.840, 2.537, 1.564, 97.839, 234.375, -161.011
-2.088, 3.178, 1.537, 70.618, 244.690, -196.106
-2.403, 3.733, 1.422, 24.414, 254.333, -245.422
-2.988, 4.000, 1.683, -47.485, 259.521, -307.190
-3.828, 4.000, 1.930, -135.803, 262.878, -387.085
-4.000, 4.000, 2.042, -220.032, 265.198, -488.281
-4.000, 4.000, 2.078, -291.748, 260.498, -600.708
-4.000, 2.898, 2.297, -336.121, 245.605, -707.336
-4.000, 1.183, 2.684, -364.258, 223.206, -798.889
-4.000, -0.613, 3.265, -387.573, 198.303, -865.662
-4.000, -2.528, 3.961, -398.682, 176.514, -903.687
-4.000, -4.000, 4.000, -380.920, 166.626, -907.776
-4.000, -4.000, 4.000, -322.449, 173.828, -872.681
-4.000, -4.000, 4.000, -237.427, 199.402, -796.814
-4.000, -4.000, 3.172, -151.733, 232.666, -677.673
-3.464, -4.000, 1.722, -69.092, 259.644, -527.222
-2.259, -4.000, 0.289, 1.404, 270.386, -361.572
-1.489, -4.000, -1.045, 52.063, 262.207, -200.195
-0.983, -4.000, -2.002, 78.064, 235.168, -58.044
-0.743, -3.338, -2.688, 72.327, 191.650, 41.443
-0.498, -0.587, -3.123, 43.823, 137.207, 87.158
-0.261, 1.415, -2.919, -2.014, 72.815, 76.050
-0.207, 2.109, -2.150, -29.297, 6.714, 24.719
-0.239, 1.648, -0.843, -32.288, -49.072, -38.818
-0.299, 0.567, 0.325, -24.231, -82.947, -91.431
-0.292, -0.654, 1.153, -12.817, -93.933, -119.690
-0.236, -1.623, 1.625, -3.418, -88.867, -122.620
-0.167, -2.244, 1.812, 5.554, -75.378, -105.103
-0.099, -2.356, 1.831, 12.878, -59.631, -73.547
-0.066, -2.014, 1.774, 20.752, -44.495, -37.354
-0.069, -1.315, 1.626, 26.123, -31.067, -6.836
-0.065, -0.573, 1.455, 22.156, -20.386, 10.010
-0.072, -0.067, 1.318, 12.268, -13.000, 11.841
-0.060, 0.158, 1.240, -1.587, -8.728, 3.235
-0.048, 0.061, 1.219, -12.329, -6.104, -8.972
-0.038, -0.253, 1.182, -14.526, -3.662, -20.447
-0.010, -0.572, 1.077, -10.742, -0.854, -24.170
0.019, -0.710, 0.961, -3.906, 0.488, -19.714
0.026, -0.702, 0.872, 3.601, 0.061, -11.536
0.031, -0.572, 0.805, 8.911, -1.892, -3.235
0.044, -0.341, 0.763, 12.024, -4.456, 2.991
0.041, -0.116, 0.808, 12.573, -8.240, 5.859
0.019, -0.011, 0.909, 12.695, -11.658, 3.113
0.006, -0.017, 0.997, 13.367, -13.550, -1.587
0.007, -0.108, 1.037, 15.198, -13.489, -6.165
-0.001, -0.312, 1.009, 15.503, -12.146, -10.315
-0.005, -0.482, 0.977, 13.489, -11.292, -10.559
-0.008, -0.537, 1.001, 11.047, -11.719, -6.653
-0.018, -0.553, 1.066, 8.240, -12.207, -2.136
-0.027, -0.513, 1.118, 6.348, -11.475, 2.747
-0.026, -0.357, 1.164, 5.615, -9.949, 8.423
-0.029, -0.165, 1.213, 5.249, -7.935, 11.841
-0.030, -0.066, 1.241, 4.333, -5.371, 10.742
-0.032, -0.097, 1.190, 2.441, -1.831, 6.836
-0.026, -0.146, 1.090, 2.319, 1.465, 4.333
-0.019, -0.182, 1.011, 2.686, 3.235, 3.357
-0.026, -0.198, 0.972, 3.296, 3.357, 3.052
-0.023, -0.209, 0.937, 2.991, 2.747, 3.174

