-0.085, 0.570, 2.704, 20.630, 38.330, 67.017
-0.098, 0.776, 2.789, 27.100, 50.049, 62.317
-0.107, 0.897, 2.832, 31.311, 63.965, 54.260
-0.122, 0.914, 2.849, 30.518, 79.346, 44.250
-0.158, 0.911, 2.827, 26.123, 95.398, 35.339
-0.204, 0.898, 2.748, 21.118, 112.244, 27.466
-0.253, 0.903, 2.615, 13.977, 128.662, 20.447
-0.330, 0.909, 2.486, 5.432, 143.738, 13.184
-0.423, 0.873, 2.340, -2.625, 157.288, 5.615
-0.490, 0.835, 2.141, -8.606, 169.495, -1.404
-0.560, 0.897, 1.959, -13.855, 179.504, -6.287
-0.648, 0.980, 1.862, -17.395, 186.768, -12.939
-0.712, 0.987, 1.747, -18.860, 193.726, -22.217
-0.761, 0.922, 1.574, -16.846, 200.623, -31.677
-0.799, 1.030, 1.404, -15.747, 206.543, -38.574
-0.849, 1.132, 1.241, -17.273, 211.121, -45.898
-0.886, 1.203, 1.075, -23.926, 215.210, -56.396
-0.924, 1.255, 0.919, -31.189, 218.201, -67.749
-0.978, 1.304, 0.746, -38.574, 220.215, -79.285
-1.031, 1.343, 0.468, -42.786, 221.619, -91.064
-1.078, 1.497, 0.096, -48.645, 220.886, -102.234
-1.120, 1.617, -0.293, -56.580, 215.942, -116.333
-1.118, 1.619, -0.676, -65.247, 206.726, -134.155
-1.104, 1.533, -0.965, -74.280, 193.115, -153.381
-1.107, 1.356, -1.213, -85.938, 176.147, -171.936
-1.095, 1.124, -1.437, -99.792, 157.288, -188.538
-1.084, 0.989, -1.641, -115.784, 136.353, -201.294
-1.122, 0.890, -1.914, -131.042, 113.464, -212.280
-1.180, 0.781, -2.274, -139.709, 86.914, -224.487
-1.242, 0.589, -2.628, -137.573, 54.993, -238.098
-1.328, 0.229, -2.907, -121.826, 17.822, -252.502
-1.412, -0.329, -2.835, -106.934, -23.132, -264.893
-1.513, -1.163, -2.354, -104.248, -65.186, -274.170
-1.609, -2.193, -1.834, -105.896, -100.281, -274.353
-1.670, -3.248, -1.563, -98.633, -126.099, -260.803
-1.694, -4.000, -1.547, -85.022, -147.522, -234.436
-1.694, -4.000, -1.566, -63.538, -171.753, -194.702
-1.676, -4.000, -1.399, -29.480, -200.623, -141.113
-1.736, -4.000, -0.799, -0.793, -231.445, -77.637
-1.802, -4.000, 0.100, 22.522, -257.629, -8.667
-1.865, -4.000, 1.012, 49.194, -273.071, 61.890
-1.927, -4.000, 1.766, 87.341, -277.710, 136.902
-2.035, -4.000, 2.306, 135.132, -275.085, 213.989
-2.064, -4.000, 2.853, 157.166, -267.883, 283.264
-2.154, -3.772, 3.624, 140.442, -256.592, 336.365
-2.151, -2.575, 4.000, 103.821, -236.816, 377.747
-2.099, -0.865, 4.000, 64.270, -205.322, 416.565
-1.799, 1.590, 4.000, 39.490, -162.109, 441.040
-1.370, 3.889, 4.000, 17.029, -108.948, 429.688
-0.938, 4.000, 4.000, -6.775, -47.302, 373.291
-0.601, 4.000, 4.000, -3.906, 16.846, 300.354
-0.388, 4.000, 4.000, 13.367, 81.909, 226.746
-0.275, 4.000, 4.000, 30.823, 141.907, 162.476
-0.276, 4.000, 3.482, 40.344, 184.937, 117.798
-0.350, 3.718, 2.491, 53.955, 211.731, 77.881
-0.382, 3.158, 1.536, 71.899, 227.356, 41.870
-0.412, 2.613, 0.734, 89.355, 232.727, 14.160
-0.419, 2.219, 0.155, 105.225, 228.821, -3.601
-0.452, 1.951, -0.265, 110.962, 219.727, -16.663
-0.478, 1.735, -0.817, 110.962, 209.106, -28.198
-0.524, 1.587, -1.512, 108.398, 194.336, -38.086
-0.478, 1.473, -2.129, 95.703, 171.082, -48.523
-0.418, 1.290, -2.609, 75.073, 139.832, -60.547
-0.390, 1.111, -2.775, 54.138, 101.562, -72.815
-0.365, 0.866, -2.535, 38.086, 59.814, -84.473
-0.375, 0.651, -1.957, 20.630, 20.386, -94.482
-0.366, 0.280, -1.437, 10.132, -8.545, -103.333
-0.364, -0.164, -1.177, 7.263, -28.381, -108.154
-0.334, -0.337, -1.126, 4.700, -44.312, -102.966
-0.331, -0.250, -1.170, 2.380, -60.181, -93.079
-0.348, -0.026, -1.177, -4.639, -78.430, -85.266
-0.339, 0.156, -0.915, -21.362, -99.243, -82.764
-0.320, 0.389, -0.404, -53.772, -119.263, -81.970
-0.272, 1.064, 0.110, -94.910, -132.812, -79.346
-0.313, 2.065, 0.525, -137.207, -139.832, -82.275
-0.427, 2.835, 0.651, -169.983, -141.907, -104.248
-0.596, 3.077, 0.504, -193.787, -144.104, -143.188
-0.858, 2.816, 0.443, -212.097, -153.015, -189.392
-1.118, 2.074, 0.800, -223.206, -169.800, -234.192
-1.395, 1.090, 1.429, -223.145, -186.523, -269.226
-1.562, -0.049, 2.143, -188.416, -197.083, -291.016
-1.545, -1.362, 2.938, -131.653, -197.998, -299.622
-1.373, -2.563, 3.532, -82.886, -185.425, -289.734
-1.080, -3.289, 3.781, -67.505, -158.936, -256.348
-0.811, -3.525, 3.796, -86.548, -127.686, -209.717
-0.572, -3.313, 3.546, -121.643, -96.680, -158.142
-0.394, -2.761, 3.047, -144.409, -70.190, -110.657
-0.250, -2.138, 2.482, -146.179, -53.040, -75.500
-0.157, -1.655, 2.088, -122.620, -46.631, -54.199
-0.089, -1.250, 1.901, -74.646, -48.279, -42.542
-0.057, -0.931, 1.918, -21.118, -52.551, -37.537
-0.056, -0.713, 2.066, 14.160, -54.626, -37.354
-0.045, -0.689, 2.152, 25.696, -50.781, -41.077
-0.025, -0.833, 2.204, 19.592, -42.847, -44.495
-0.013, -1.025, 2.238, 5.432, -33.447, -43.457
0.010, -1.172, 2.150, -11.414, -21.851, -36.926
0.025, -1.197, 1.993, -25.635, -10.559, -26.062
0.035, -1.075, 1.747, -29.785, -1.465, -13.062
0.056, -0.847, 1.472, -23.315, 4.272, -2.258
0.067, -0.621, 1.252, -12.390, 6.042, 5.249
0.081, -0.446, 1.128, -2.136, 5.188, 9.399
0.070, -0.323, 1.076, 3.052, 3.235, 10.803
0.063, -0.231, 1.066, 2.197, 1.587, 11.292
0.053, -0.172, 1.055, -0.793, 0.366, 11.292
0.051, -0.173, 1.100, -3.845, -0.549, 10.559
0.044, -0.158, 1.203, -8.179, -0.916, 10.742
0.031, -0.092, 1.225, -12.451, 0.916, 12.085
0.021, -0.037, 1.146, -15.198, 3.662, 12.756
0.007, 0.002, 1.073, -15.137, 5.371, 12.268
-0.012, 0.006, 1.033, -12.024, 5.493, 11.230
-0.014, -0.072, 1.008, -3.845, 4.639, 9.338
-0.029, -0.139, 0.977, 7.812, 3.662, 9.338
-0.034, -0.135, 0.919, 17.517, 2.869, 11.475
-0.039, -0.055, 0.898, 22.156, 1.221, 14.099
-0.058, 0.041, 0.922, 20.569, -0.916, 15.381
-0.063, 0.125, 1.006, 12.329, -2.258, 14.465
-0.079, 0.137, 1.143, 0.671, -2.625, 11.780
-0.075, 0.109, 1.211, -10.315, -0.610, 8.911
-0.084, 0.038, 1.201, -17.151, 2.686, 6.348

0.146, -0.362, 2.541, -9.705, 15.808, 55.298
0.154, -0.333, 2.552, -5.066, 29.175, 58.411
0.157, -0.268, 2.447, 0.610, 42.603, 62.195
0.177, -0.221, 2.276, 4.395, 53.711, 65.063
0.177, -0.087, 2.202, 6.470, 61.035, 68.542
0.157, 0.080, 2.298, 6.042, 64.941, 71.045
0.127, 0.310, 2.479, 4.822, 69.336, 72.083
0.079, 0.580, 2.724, 5.188, 75.928, 70.801
0.016, 0.823, 2.900, 8.606, 86.609, 65.552
-0.034, 0.885, 2.906, 12.695, 101.379, 55.298
-0.114, 0.788, 2.810, 14.893, 117.249, 43.457
-0.194, 0.627, 2.691, 12.390, 132.629, 33.997
-0.294, 0.433, 2.585, 4.272, 146.790, 27.832
-0.391, 0.309, 2.518, -7.935, 160.400, 25.513
-0.492, 0.358, 2.435, -20.264, 173.767, 26.855
-0.594, 0.599, 2.296, -30.701, 186.829, 28.748
-0.693, 0.911, 2.064, -37.476, 199.158, 26.917
-0.770, 1.210, 1.772, -41.199, 208.679, 19.409
-0.849, 1.382, 1.527, -43.152, 214.844, 5.920
-0.907, 1.370, 1.288, -45.288, 218.079, -10.742
-0.932, 1.308, 1.078, -48.828, 219.238, -27.405
-0.952, 1.146, 0.920, -50.659, 218.994, -42.908
-0.970, 0.916, 0.792, -51.208, 218.018, -55.420
-0.981, 0.898, 0.656, -55.786, 217.041, -61.340
-1.000, 1.109, 0.504, -62.988, 216.125, -64.209
-1.035, 1.414, 0.337, -68.665, 214.539, -70.435
-1.092, 1.762, 0.106, -75.745, 212.341, -82.336
-1.125, 1.969, -0.256, -82.764, 209.045, -101.013
-1.148, 1.902, -0.655, -89.355, 201.782, -125.793
-1.186, 1.657, -1.058, -95.703, 189.514, -151.062
-1.194, 1.370, -1.477, -99.731, 172.058, -172.546
-1.181, 1.085, -1.854, -103.943, 149.414, -189.819
-1.180, 0.747, -2.234, -105.835, 122.070, -204.956
-1.176, 0.534, -2.638, -98.450, 90.027, -215.576
-1.191, 0.289, -2.813, -84.656, 51.575, -225.464
-1.240, -0.204, -2.747, -70.129, 10.498, -237.610
-1.271, -0.932, -2.569, -59.753, -27.222, -247.070
-1.278, -1.865, -2.298, -52.795, -61.646, -249.939
-1.264, -2.762, -2.002, -46.204, -91.797, -240.295
-1.245, -3.607, -1.840, -43.274, -115.967, -218.872
-1.234, -4.000, -1.751, -45.166, -137.512, -188.232
-1.196, -4.000, -1.576, -36.377, -160.950, -149.048
-1.153, -4.000, -1.207, -17.639, -185.974, -98.511
-1.120, -4.000, -0.612, 1.038, -209.656, -38.940
-1.078, -4.000, 0.139, 21.179, -227.356, 24.292
-1.077, -4.000, 1.039, 52.307, -238.098, 86.731
-1.054, -4.000, 1.744, 93.506, -238.892, 143.372
-1.027, -3.895, 2.225, 133.789, -231.873, 200.012
-0.996, -2.636, 2.787, 146.790, -221.924, 246.826
-0.953, -1.571, 3.574, 128.906, -207.886, 275.574
-0.896, -0.511, 4.000, 92.285, -182.861, 294.678
-0.667, 1.670, 4.000, 48.889, -145.447, 314.758
-0.386, 3.999, 4.000, 22.888, -103.088, 313.843
-0.110, 4.000, 4.000, 18.799, -52.795, 257.751
0.179, 4.000, 4.000, 26.733, 3.113, 175.903
0.275, 4.000, 3.985, 37.048, 53.955, 103.516
0.220, 4.000, 3.012, 46.997, 95.154, 39.429
0.148, 3.800, 1.950, 52.490, 123.108, -19.714
0.057, 2.688, 1.004, 59.631, 137.329, -61.829
0.022, 1.957, 0.192, 63.965, 140.320, -82.520
-0.022, 1.557, -0.417, 56.885, 133.911, -91.370
-0.058, 1.391, -0.857, 38.330, 120.361, -95.398
-0.144, 1.347, -1.127, 12.207, 102.295, -100.525
-0.205, 1.217, -1.395, -2.808, 81.116, -109.253
-0.247, 0.893, -1.608, -1.526, 56.580, -120.300
-0.277, 0.529, -1.713, 6.958, 28.748, -127.502
-0.290, 0.150, -1.493, 14.832, -1.221, -130.127
-0.307, -0.086, -0.978, 18.921, -29.053, -127.563
-0.305, -0.211, -0.283, 17.029, -49.866, -121.399
-0.314, -0.305, 0.208, 9.644, -59.631, -114.258
-0.286, -0.161, 0.365, -10.620, -59.937, -105.103
-0.258, 0.077, 0.403, -39.124, -58.472, -97.961
-0.227, 0.238, 0.445, -75.195, -58.777, -97.412
-0.193, 0.433, 0.483, -113.098, -60.974, -99.426
-0.174, 0.492, 0.379, -140.686, -64.209, -105.225
-0.171, 0.430, 0.159, -153.992, -70.984, -113.586
-0.211, 0.385, 0.145, -147.583, -84.900, -119.995
-0.249, 0.235, 0.569, -129.089, -103.821, -126.770
-0.286, 0.038, 1.178, -109.558, -118.164, -131.775
-0.351, -0.068, 1.604, -102.661, -122.375, -133.484
-0.358, -0.524, 1.957, -107.910, -120.178, -137.451
-0.319, -1.162, 2.056, -113.647, -113.037, -137.573
-0.251, -1.528, 1.933, -113.770, -103.577, -124.084
-0.165, -1.613, 1.773, -104.065, -97.595, -102.661
-0.093, -1.303, 1.553, -86.243, -94.727, -79.346
-0.063, -0.583, 1.403, -70.984, -95.886, -60.791
-0.060, 0.040, 1.887, -60.120, -104.126, -58.411
-0.067, 0.140, 2.554, -54.993, -107.605, -73.120
-0.053, -0.301, 2.774, -57.556, -97.351, -93.079
-0.032, -0.950, 2.629, -62.378, -80.566, -105.225
0.005, -1.567, 2.378, -59.570, -66.833, -104.126
0.066, -1.847, 2.060, -47.424, -56.763, -89.111
0.101, -1.664, 1.728, -31.494, -50.781, -65.430
0.112, -1.210, 1.548, -19.470, -49.683, -44.312
0.115, -0.809, 1.595, -13.794, -51.697, -33.630
0.108, -0.631, 1.659, -11.047, -52.307, -32.288
0.104, -0.581, 1.697, -11.292, -50.415, -33.997
0.109, -0.599, 1.782, -15.808, -46.997, -34.973
0.109, -0.595, 1.779, -21.301, -41.565, -34.302
0.115, -0.591, 1.640, -22.156, -34.790, -32.715
0.115, -0.589, 1.569, -17.212, -30.701, -30.823
0.112, -0.584, 1.579, -9.460, -28.015, -28.992
0.099, -0.576, 1.569, -3.174, -24.475, -26.733
0.092, -0.641, 1.575, 1.831, -20.081, -24.780
0.082, -0.731, 1.632, 5.005, -15.381, -21.423
0.074, -0.793, 1.555, 3.357, -8.789, -15.259
0.072, -0.777, 1.328, -1.160, -1.709, -6.653
0.072, -0.698, 1.070, -4.395, 2.258, 1.648
0.078, -0.509, 0.902, -6.592, 2.075, 10.193
0.067, -0.301, 0.852, -8.484, -0.549, 16.296
0.063, -0.159, 0.872, -9.399, -4.333, 18.311
0.067, -0.045, 0.948, -9.033, -7.446, 18.311
0.061, 0.120, 1.099, -8.728, -9.277, 17.944
0.048, 0.203, 1.194, -6.531, -8.667, 14.771
0.034, 0.183, 1.191, -3.723, -6.042, 9.216
0.030, 0.111, 1.185, -0.610, -3.296, 4.639
0.016, 0.029, 1.163, 2.991, -0.671, 1.953
0.009, -0.026, 1.090, 5.310, 1.831, 1.038
-0.004, -0.041, 1.007, 4.761, 3.174, 1.404

-0.983, 1.429, -0.931, -117.859, 174.500, -153.931
-1.027, 1.426, -1.292, -128.723, 156.616, -172.913
-1.077, 1.271, -1.570, -130.066, 132.629, -194.885
-1.113, 0.975, -1.948, -115.845, 105.591, -216.919
-1.154, 0.441, -2.253, -86.548, 74.036, -237.610
-1.161, -0.437, -2.386, -53.833, 38.513, -254.883
-1.136, -1.313, -2.317, -26.001, 3.479, -259.521
-1.109, -2.288, -2.101, -8.728, -27.832, -253.723
-1.053, -3.131, -2.050, -3.723, -53.040, -234.924
-1.000, -3.783, -2.115, -6.042, -75.623, -203.918
-0.975, -4.000, -2.165, -7.568, -100.586, -164.429
-0.965, -4.000, -2.130, -2.502, -128.967, -121.826
-0.933, -4.000, -1.824, 11.108, -160.767, -81.360
-0.904, -4.000, -1.109, 33.875, -193.359, -41.809
-0.856, -4.000, -0.171, 66.650, -218.628, 1.587
-0.810, -4.000, 0.656, 100.464, -231.873, 48.279
-0.801, -4.000, 1.168, 125.061, -232.910, 105.530
-0.820, -3.931, 1.566, 133.057, -228.638, 167.236
-0.827, -2.723, 2.216, 116.272, -222.473, 215.881
-0.839, -1.785, 3.165, 84.045, -211.609, 243.652
-0.793, -1.123, 3.933, 59.448, -188.171, 259.216
-0.688, 0.079, 4.000, 45.593, -152.893, 277.039
-0.403, 2.603, 4.000, 31.433, -113.831, 293.396
-0.114, 4.000, 4.000, 24.231, -72.693, 271.729
0.116, 4.000, 4.000, 28.137, -23.499, 198.425
0.283, 4.000, 4.000, 37.231, 26.367, 113.403
0.328, 3.985, 3.119, 49.438, 69.092, 42.664
0.311, 2.986, 2.130, 56.641, 98.511, -6.958
0.281, 2.116, 1.286, 61.279, 114.136, -36.255
0.249, 1.580, 0.640, 65.430, 118.591, -49.866
0.203, 1.350, 0.121, 70.435, 115.051, -54.504
0.151, 1.308, -0.239, 74.280, 106.262, -56.946
0.066, 1.360, -0.482, 71.655, 94.177, -61.157
-0.023, 1.334, -0.704, 63.171, 80.750, -69.763
-0.105, 1.194, -0.871, 53.345, 65.491, -81.787
-0.168, 1.188, -1.082, 42.053, 49.133, -91.736
-0.247, 1.495, -1.203, 25.085, 30.273, -99.731
-0.322, 1.773, -1.345, -1.038, 9.644, -115.112
-0.415, 2.028, -1.382, -33.630, -13.489, -137.573
-0.565, 2.048, -1.363, -60.730, -39.978, -166.443
-0.750, 1.784, -1.372, -75.195, -68.176, -199.280
-0.934, 1.269, -1.078, -79.224, -99.426, -229.675
-1.064, 0.602, -0.159, -80.872, -130.859, -252.502
-1.103, -0.061, 1.018, -78.918, -151.489, -264.832
-1.005, -0.622, 2.052, -76.660, -153.381, -265.259
-0.879, -0.907, 2.725, -80.383, -137.695, -254.944
-0.761, -0.822, 2.932, -93.689, -110.657, -237.732
-0.653, -0.467, 2.603, -113.037, -79.651, -221.680
-0.661, -0.279, 2.195, -138.428, -55.603, -215.759
-0.684, -0.310, 1.809, -155.640, -43.030, -217.224
-0.716, -0.484, 1.461, -160.278, -38.879, -219.177
-0.750, -0.735, 1.160, -144.775, -42.236, -220.703
-0.801, -1.060, 0.985, -110.718, -51.392, -219.604
-0.815, -1.341, 1.028, -70.923, -64.880, -215.027
-0.793, -1.669, 1.402, -47.119, -78.369, -207.764
-0.732, -2.025, 1.951, -47.363, -85.510, -197.021
-0.618, -2.376, 2.456, -62.927, -83.069, -180.725
-0.498, -2.555, 2.823, -80.261, -72.083, -157.410
-0.377, -2.462, 2.965, -90.271, -55.115, -128.723
-0.267, -2.138, 2.759, -89.905, -34.790, -101.074
-0.193, -1.641, 2.230, -80.750, -16.357, -78.064
-0.133, -1.165, 1.621, -69.397, -5.859, -64.575
-0.106, -0.921, 1.246, -56.946, -6.042, -61.401
-0.100, -0.866, 1.055, -45.410, -12.695, -63.843
-0.083, -0.992, 1.113, -36.011, -22.888, -67.017
-0.061, -1.207, 1.344, -27.954, -31.372, -67.322
-0.036, -1.356, 1.627, -20.752, -35.278, -61.768
-0.018, -1.374, 1.858, -16.357, -33.325, -51.331
-0.002, -1.277, 1.967, -15.747, -26.245, -39.246
0.008, -1.137, 1.919, -17.090, -16.113, -28.381
0.019, -1.006, 1.868, -20.203, -6.409, -19.531
0.031, -0.834, 1.758, -21.118, 2.319, -11.719
0.039, -0.607, 1.529, -18.311, 10.864, -5.371
0.040, -0.442, 1.229, -13.855, 16.968, -3.052
0.046, -0.347, 0.940, -7.568, 18.555, -3.601
0.048, -0.328, 0.737, -2.686, 15.808, -5.310
0.048, -0.357, 0.675, -0.183, 9.827, -6.958
0.042, -0.374, 0.701, 0.488, 3.418, -7.263
0.035, -0.355, 0.835, 1.160, -2.258, -6.104
0.016, -0.365, 1.053, 1.831, -6.165, -5.188
0.005, -0.362, 1.269, 1.953, -6.226, -3.662
-0.008, -0.321, 1.379, 1.770, -2.563, -1.526
-0.023, -0.264, 1.329, 0.488, 3.357, 0.610
-0.032, -0.181, 1.158, -1.709, 9.277, 2.441
-0.042, -0.088, 0.950, -1.831, 12.939, 3.052
-0.051, -0.087, 0.777, -0.244, 12.939, 1.221
-0.050, -0.130, 0.693, 0.671, 9.766, -0.854
-0.051, -0.154, 0.711, -0.488, 5.188, -1.404
-0.060, -0.160, 0.771, -1.587, 1.404, -0.977
-0.066, -0.179, 0.839, -0.977, -1.465, -0.732
-0.070, -0.199, 0.926, 1.709, -3.723, -0.244
-0.072, -0.169, 0.982, 4.211, -4.395, 1.343
-0.071, -0.093, 1.065, 5.066, -4.089, 2.991
-0.081, -0.072, 1.085, 4.578, -2.686, 2.808
-0.080, -0.096, 1.068, 1.221, -0.549, 1.892
-0.089, -0.148, 1.095, -0.916, 0.916, 1.038
-0.088, -0.167, 1.099, -0.977, 2.563, 1.526
-0.084, -0.144, 1.062, -2.197, 4.639, 3.174
-0.079, -0.150, 0.979, -6.042, 6.348, 3.601
-0.074, -0.144, 0.920, -7.996, 6.592, 4.089
-0.068, -0.138, 0.842, -7.080, 5.920, 4.761
-0.062, -0.114, 0.770, -3.540, 4.089, 5.371
-0.053, -0.079, 0.795, 0.427, 0.916, 5.798
-0.048, 0.020, 0.927, 2.625, -2.319, 6.226
-0.051, 0.092, 1.007, 3.174, -3.296, 4.761
-0.048, 0.067, 0.994, 4.089, -2.563, 1.160
-0.047, 0.013, 0.969, 3.662, -2.014, -1.831
-0.048, -0.033, 0.966, 3.052, -2.136, -3.174
-0.051, -0.112, 0.942, 3.296, -2.136, -4.272
-0.053, -0.191, 0.913, 3.113, -2.441, -4.395
-0.051, -0.239, 0.956, 2.563, -3.174, -3.357
-0.058, -0.261, 1.056, 1.099, -3.784, -1.648
-0.063, -0.203, 1.107, 0.061, -2.747, 0.916
-0.062, -0.144, 1.087, 1.404, -0.488, 2.808
-0.057, -0.070, 1.051, 3.418, 1.160, 3.479
-0.062, 0.010, 0.999, 4.944, 2.319, 2.991
-0.064, -0.023, 0.938, 5.371, 2.869, 0.122
-0.062, -0.098, 0.914, 5.371, 2.319, -2.319
-0.065, -0.154, 0.918, 4.211, 1.404, -2.686

-0.152, 0.419, 2.692, -15.259, 79.834, 50.903
-0.238, 0.582, 2.743, -11.658, 93.872, 49.988
-0.329, 0.698, 2.663, -6.836, 109.436, 45.898
-0.414, 0.725, 2.452, -1.953, 125.183, 39.246
-0.476, 0.686, 2.164, -0.977, 138.977, 31.189
-0.545, 0.623, 1.919, -4.700, 149.841, 24.475
-0.601, 0.541, 1.722, -10.742, 158.020, 18.127
-0.636, 0.497, 1.597, -19.958, 164.307, 13.672
-0.677, 0.587, 1.572, -27.405, 169.250, 11.597
-0.709, 0.717, 1.485, -29.663, 174.561, 8.911
-0.718, 0.834, 1.301, -27.039, 180.298, 4.333
-0.729, 0.971, 1.063, -23.071, 184.143, -0.488
-0.729, 1.205, 0.842, -17.212, 185.608, -4.883
-0.746, 1.407, 0.710, -10.498, 184.326, -12.451
-0.780, 1.623, 0.640, -8.423, 182.190, -22.217
-0.801, 1.962, 0.563, -12.939, 181.030, -33.447
-0.854, 2.260, 0.498, -23.682, 180.908, -49.622
-0.911, 2.310, 0.351, -37.415, 182.068, -73.303
-0.962, 2.275, 0.170, -51.025, 182.861, -97.656
-1.018, 2.189, -0.032, -62.012, 182.007, -120.911
-1.058, 2.026, -0.385, -70.801, 180.115, -143.127
-1.081, 1.882, -0.828, -79.590, 174.622, -162.964
-1.091, 1.788, -1.193, -89.966, 163.391, -180.237
-1.111, 1.786, -1.521, -100.403, 147.095, -196.533
-1.160, 1.982, -1.883, -114.319, 127.197, -211.914
-1.245, 2.065, -2.166, -134.033, 101.807, -233.032
-1.358, 1.891, -2.372, -149.963, 71.045, -260.620
-1.495, 1.302, -2.501, -154.846, 36.377, -290.161
-1.618, 0.248, -2.381, -149.414, -0.854, -317.078
-1.656, -1.198, -2.091, -129.211, -37.354, -332.397
-1.601, -2.656, -1.997, -89.661, -67.383, -326.172
-1.514, -3.865, -2.273, -50.110, -92.163, -297.852
-1.468, -4.000, -2.611, -29.297, -118.713, -251.099
-1.531, -4.000, -2.843, -26.062, -151.306, -195.923
-1.678, -4.000, -2.826, -25.452, -191.162, -144.714
-1.833, -4.000, -1.957, -16.296, -237.732, -105.225
-1.925, -4.000, -0.264, 2.258, -280.396, -67.200
-1.866, -4.000, 1.563, 35.889, -303.223, -12.024
-1.813, -4.000, 3.079, 75.623, -300.659, 66.650
-1.818, -4.000, 3.845, 113.342, -275.879, 161.865
-1.862, -4.000, 3.866, 137.878, -240.417, 253.174
-1.907, -3.793, 3.853, 149.231, -209.412, 332.397
-1.851, -1.603, 4.000, 133.911, -185.852, 382.507
-1.661, 0.293, 4.000, 99.548, -156.006, 397.766
-1.335, 2.277, 4.000, 75.195, -115.967, 394.836
-0.847, 4.000, 4.000, 61.157, -72.876, 374.207
-0.418, 4.000, 4.000, 57.312, -28.687, 315.613
-0.076, 4.000, 4.000, 54.321, 23.804, 215.820
0.124, 4.000, 4.000, 52.795, 78.491, 122.009
0.140, 3.813, 3.710, 49.255, 123.840, 63.660
0.014, 3.024, 2.902, 43.823, 159.668, 30.884
-0.095, 2.563, 1.828, 45.471, 189.087, 11.230
-0.172, 2.373, 0.546, 56.274, 206.055, -0.549
-0.166, 2.352, -0.730, 65.857, 206.543, -10.559
-0.134, 2.416, -1.703, 58.167, 188.904, -22.705
-0.115, 2.413, -2.168, 35.706, 157.349, -39.185
-0.131, 2.468, -2.341, 17.395, 120.056, -58.594
-0.194, 2.601, -2.437, 11.719, 82.336, -80.139
-0.281, 2.375, -2.503, 15.747, 43.945, -109.131
-0.374, 1.832, -2.396, 24.963, 4.944, -140.015
-0.463, 1.252, -2.167, 30.945, -31.860, -163.147
-0.565, 0.756, -1.924, 27.039, -64.819, -177.124
-0.637, 0.309, -1.689, 15.564, -94.482, -184.570
-0.689, 0.026, -1.299, -0.854, -121.643, -185.669
-0.769, -0.080, -0.741, -17.883, -145.935, -182.251
-0.824, -0.206, -0.044, -36.987, -164.490, -179.504
-0.854, -0.411, 0.687, -57.434, -174.744, -177.429
-0.827, -0.614, 1.391, -74.524, -176.575, -171.936
-0.733, -0.461, 1.949, -87.708, -169.495, -160.339
-0.671, -0.037, 2.228, -95.703, -155.457, -148.682
-0.622, 0.147, 2.292, -96.130, -138.062, -148.254
-0.584, 0.090, 2.343, -90.088, -122.620, -154.297
-0.586, 0.020, 2.409, -90.576, -107.849, -158.875
-0.562, -0.289, 2.516, -92.773, -93.994, -163.086
-0.530, -0.622, 2.397, -95.642, -78.003, -163.269
-0.516, -0.874, 2.002, -92.773, -63.782, -157.166
-0.462, -1.113, 1.510, -83.801, -56.946, -148.315
-0.374, -1.375, 1.381, -74.097, -60.608, -137.390
-0.322, -1.420, 1.408, -64.331, -67.871, -121.521
-0.283, -1.096, 1.361, -55.542, -72.937, -101.929
-0.272, -0.756, 1.570, -54.688, -79.712, -89.661
-0.232, -0.541, 2.099, -59.448, -85.693, -85.205
-0.204, -0.556, 2.531, -63.538, -82.886, -87.097
-0.161, -0.712, 2.671, -61.157, -72.021, -88.379
-0.085, -0.938, 2.571, -51.392, -57.495, -86.609
-0.034, -1.143, 2.311, -41.443, -43.823, -80.383
-0.001, -1.147, 1.921, -32.776, -33.020, -68.359
0.010, -0.976, 1.524, -24.719, -27.893, -54.810
0.031, -0.774, 1.437, -20.203, -29.846, -45.044
0.025, -0.635, 1.578, -23.010, -34.180, -40.222
0.021, -0.619, 1.732, -30.701, -35.095, -38.147
0.025, -0.648, 1.824, -41.870, -32.227, -35.583
0.029, -0.710, 1.920, -49.683, -27.649, -31.860
0.034, -0.762, 2.065, -48.889, -22.278, -26.489
0.033, -0.741, 2.074, -42.847, -13.855, -18.738
0.042, -0.633, 1.916, -36.072, -3.906, -10.132
0.044, -0.414, 1.672, -32.104, 5.005, -2.747
0.049, -0.203, 1.412, -28.992, 10.620, 1.038
0.057, -0.059, 1.241, -23.987, 12.634, 1.038
0.062, 0.096, 1.136, -16.357, 12.390, 0.122
0.044, 0.190, 1.071, -11.963, 11.292, -2.869
0.031, 0.154, 1.003, -9.644, 9.583, -7.935
0.028, -0.043, 0.959, -12.207, 7.568, -13.855
0.002, -0.209, 0.912, -16.296, 5.249, -15.198
-0.006, -0.289, 0.872, -16.846, 3.052, -12.329
-0.037, -0.333, 1.024, -11.780, -0.854, -8.179
-0.053, -0.309, 1.211, -7.507, -2.625, -3.296
-0.069, -0.247, 1.295, -7.324, -0.305, 1.465
-0.072, -0.170, 1.240, -8.606, 4.395, 5.676
-0.044, -0.040, 1.127, -7.446, 9.094, 9.338
-0.052, 0.136, 0.987, -4.089, 11.963, 11.475
-0.051, 0.216, 0.832, -3.357, 13.123, 9.766
-0.045, 0.210, 0.779, -4.272, 11.963, 5.798
-0.052, 0.157, 0.747, -8.179, 9.705, 2.197
-0.059, 0.080, 0.649, -11.047, 7.751, -0.183
-0.070, 0.031, 0.630, -10.803, 3.967, -0.732
-0.072, -0.005, 0.773, -7.629, -1.221, 0.000
-0.077, -0.016, 0.919, -3.052, -4.272, 1.404
-0.071, 0.039, 0.965, 0.732, -4.639, 3.784

-0.484, 0.964, 1.620, -35.950, 164.551, 17.090
-0.511, 0.837, 1.635, -33.569, 170.715, 4.211
-0.552, 0.630, 1.587, -27.710, 178.040, -5.371
-0.572, 0.478, 1.466, -20.813, 186.218, -10.498
-0.593, 0.450, 1.323, -14.404, 193.726, -10.864
-0.597, 0.591, 1.010, -12.817, 200.317, -8.789
-0.570, 1.120, 0.780, -15.259, 202.087, -5.981
-0.609, 1.567, 0.686, -16.296, 200.073, -12.390
-0.617, 1.733, 0.558, -18.494, 197.327, -30.884
-0.585, 1.665, 0.435, -22.217, 194.397, -52.856
-0.593, 1.445, 0.320, -26.184, 190.857, -73.425
-0.592, 1.227, 0.222, -32.837, 186.218, -88.806
-0.585, 1.086, 0.180, -40.039, 181.030, -98.572
-0.598, 1.066, 0.110, -50.720, 176.392, -105.713
-0.605, 1.151, -0.010, -64.514, 172.180, -112.305
-0.606, 1.217, -0.174, -75.256, 166.809, -121.826
-0.615, 1.229, -0.324, -79.834, 159.607, -133.789
-0.622, 1.174, -0.495, -80.872, 151.001, -147.034
-0.640, 1.170, -0.655, -78.796, 140.564, -159.424
-0.669, 1.032, -0.808, -75.562, 127.991, -173.828
-0.661, 0.815, -1.001, -77.393, 114.380, -187.866
-0.669, 0.620, -1.210, -80.078, 98.389, -198.792
-0.668, 0.460, -1.412, -82.947, 79.346, -206.421
-0.649, 0.309, -1.621, -88.135, 57.312, -212.769
-0.646, 0.234, -1.750, -94.238, 31.860, -217.163
-0.676, 0.182, -1.834, -100.037, 4.456, -221.436
-0.732, -0.026, -1.839, -102.295, -24.780, -228.455
-0.786, -0.426, -1.524, -100.769, -56.580, -235.229
-0.819, -0.905, -0.940, -90.393, -86.670, -237.000
-0.839, -1.237, -0.453, -75.745, -106.750, -230.042
-0.832, -1.481, -0.207, -62.012, -117.249, -218.140
-0.807, -1.754, -0.140, -55.847, -122.864, -205.200
-0.787, -1.948, -0.111, -62.683, -128.052, -189.453
-0.771, -2.104, -0.088, -72.388, -134.094, -171.753
-0.750, -2.471, -0.034, -76.904, -141.785, -156.921
-0.724, -2.963, 0.078, -70.251, -150.696, -139.465
-0.708, -3.435, 0.220, -52.246, -159.424, -114.563
-0.713, -3.856, 0.311, -31.921, -167.114, -82.825
-0.748, -4.000, 0.325, -13.733, -173.645, -44.373
-0.789, -4.000, 0.476, 2.991, -182.373, -0.977
-0.807, -3.919, 0.642, 17.212, -190.430, 44.617
-0.819, -3.641, 0.944, 26.917, -197.083, 86.182
-0.860, -3.333, 1.520, 32.349, -202.271, 122.375
-0.872, -2.772, 2.130, 37.048, -201.050, 157.898
-0.819, -2.187, 2.607, 46.631, -191.101, 186.829
-0.766, -1.784, 2.875, 60.547, -174.927, 205.078
-0.716, -1.567, 2.952, 75.012, -156.067, 216.980
-0.678, -1.495, 2.941, 87.097, -137.695, 227.844
-0.630, -0.980, 2.798, 88.013, -120.300, 245.361
-0.557, 0.177, 2.803, 84.778, -106.201, 265.747
-0.444, 1.252, 2.940, 82.581, -94.482, 267.517
-0.278, 1.969, 3.052, 74.951, -80.444, 250.244
-0.092, 2.536, 3.111, 68.970, -63.904, 225.159
0.055, 2.864, 3.189, 62.195, -46.204, 193.909
0.161, 2.766, 3.236, 52.246, -26.794, 157.104
0.214, 2.408, 3.158, 46.204, -5.371, 123.535
0.219, 2.159, 2.946, 44.312, 16.724, 100.586
0.177, 1.896, 2.654, 45.166, 38.269, 83.313
0.174, 1.938, 2.186, 42.725, 57.983, 72.510
0.142, 2.725, 1.713, 39.307, 72.571, 69.397
0.115, 3.516, 1.261, 37.109, 80.811, 51.086
0.074, 3.743, 0.828, 31.555, 84.534, 12.451
0.053, 3.421, 0.375, 23.315, 83.984, -34.607
0.001, 2.837, -0.005, 14.526, 78.735, -77.576
-0.083, 2.219, -0.328, 8.789, 69.458, -110.046
-0.139, 1.556, -0.621, 5.676, 57.007, -133.606
-0.187, 0.948, -0.767, 3.784, 40.649, -148.438
-0.225, 0.524, -0.717, 0.793, 22.339, -153.015
-0.248, 0.324, -0.610, -5.554, 5.676, -151.062
-0.276, 0.276, -0.459, -12.939, -8.484, -146.545
-0.318, 0.308, -0.216, -20.996, -20.630, -143.494
-0.362, 0.313, -0.020, -29.175, -29.785, -143.005
-0.391, 0.213, 0.175, -39.124, -36.072, -145.752
-0.418, 0.033, 0.333, -47.668, -40.344, -148.315
-0.427, -0.123, 0.336, -56.946, -42.236, -148.315
-0.419, -0.031, 0.182, -64.941, -44.617, -144.409
-0.446, 0.039, 0.017, -66.223, -50.415, -143.005
-0.460, 0.087, 0.065, -65.125, -61.279, -145.691
-0.491, -0.053, 0.459, -64.270, -74.707, -150.513
-0.488, -0.290, 0.827, -68.176, -82.581, -154.480
-0.515, -0.540, 1.102, -77.393, -83.984, -153.992
-0.509, -0.760, 1.286, -89.600, -82.581, -149.109
-0.474, -1.008, 1.400, -100.342, -79.895, -141.235
-0.440, -1.190, 1.390, -105.652, -76.477, -129.578
-0.438, -1.145, 1.184, -102.478, -74.341, -114.319
-0.454, -1.047, 1.117, -90.881, -78.369, -100.525
-0.411, -0.922, 1.259, -74.829, -86.487, -90.881
-0.388, -0.683, 1.441, -65.918, -92.773, -82.581
-0.357, -0.610, 1.753, -64.941, -96.680, -80.750
-0.325, -0.694, 2.100, -63.599, -96.558, -81.909
-0.292, -0.846, 2.286, -59.875, -90.515, -81.116
-0.255, -1.055, 2.420, -52.917, -80.994, -77.637
-0.201, -1.181, 2.461, -44.373, -69.519, -69.458
-0.164, -1.142, 2.265, -36.926, -55.542, -57.007
-0.137, -0.979, 1.929, -29.297, -43.823, -45.044
-0.107, -0.857, 1.654, -20.752, -37.659, -36.987
-0.086, -0.768, 1.422, -12.939, -35.706, -31.799
-0.083, -0.579, 1.228, -9.888, -36.621, -26.489
-0.076, -0.344, 1.281, -13.245, -40.649, -23.376
-0.064, -0.263, 1.434, -17.029, -44.434, -25.513
-0.062, -0.395, 1.595, -18.677, -44.556, -30.701
-0.049, -0.564, 1.794, -17.273, -41.931, -32.532
-0.042, -0.639, 1.875, -12.695, -35.706, -28.809
-0.043, -0.622, 1.792, -8.423, -26.672, -22.644
-0.043, -0.554, 1.694, -4.333, -18.311, -16.479
-0.043, -0.474, 1.620, -1.038, -11.353, -11.230
-0.035, -0.386, 1.528, -0.244, -5.188, -7.141
-0.038, -0.314, 1.401, -0.427, 0.183, -3.967
-0.029, -0.242, 1.176, -1.343, 4.944, -2.136
-0.033, -0.161, 0.934, -3.357, 6.958, -0.427
-0.036, -0.097, 0.746, -5.188, 5.127, 0.061
-0.045, -0.062, 0.696, -5.554, 0.305, -0.244
-0.056, -0.034, 0.812, -5.249, -5.920, -0.854
-0.062, -0.005, 0.948, -3.540, -10.193, -1.282
-0.081, -0.001, 1.073, -1.465, -12.146, -1.953
-0.091, -0.023, 1.259, 0.366, -11.963, -2.502
-0.109, -0.044, 1.441, 2.197, -9.033, -2.563
-0.125, -0.061, 1.433, 5.127, -2.686, -2.197
-0.129, -0.081, 1.264, 5.371, 4.639, -1.587

-0.101, 0.555, 2.706, -34.180, 62.256, 83.679
-0.170, 0.781, 2.891, -35.889, 75.317, 81.543
-0.238, 0.941, 2.980, -37.415, 92.224, 75.134
-0.305, 1.016, 2.962, -38.452, 111.389, 65.430
-0.388, 1.041, 2.823, -38.147, 131.592, 54.565
-0.466, 1.082, 2.579, -39.062, 151.184, 43.701
-0.547, 1.100, 2.276, -42.786, 168.823, 32.166
-0.599, 1.159, 1.961, -46.753, 182.861, 20.264
-0.652, 1.100, 1.678, -49.316, 192.749, 6.409
-0.681, 0.918, 1.460, -52.795, 199.158, -7.202
-0.699, 0.795, 1.334, -52.673, 202.759, -16.724
-0.738, 0.752, 1.261, -46.326, 205.444, -22.827
-0.769, 0.777, 1.111, -36.072, 208.740, -27.344
-0.807, 0.893, 0.881, -23.682, 211.731, -30.640
-0.823, 1.124, 0.648, -9.583, 213.013, -34.180
-0.844, 1.394, 0.344, 1.221, 212.463, -40.344
-0.852, 1.690, 0.179, 0.427, 208.801, -51.025
-0.873, 1.889, 0.109, -15.686, 203.735, -67.383
-0.903, 1.897, 0.106, -42.664, 198.914, -89.111
-0.939, 1.753, 0.135, -69.336, 194.580, -112.549
-0.994, 1.556, 0.136, -92.102, 191.528, -133.484
-1.048, 1.289, 0.004, -106.628, 189.636, -152.344
-1.084, 0.965, -0.329, -110.779, 187.256, -168.274
-1.063, 0.752, -0.760, -108.093, 181.030, -178.101
-1.020, 0.642, -1.216, -105.225, 168.762, -183.899
-1.002, 0.663, -1.692, -107.605, 150.574, -188.232
-0.970, 0.711, -2.117, -110.535, 125.671, -194.092
-0.950, 0.786, -2.367, -110.840, 93.262, -202.087
-0.969, 0.924, -2.405, -107.056, 55.664, -212.036
-1.038, 0.897, -2.343, -101.929, 17.517, -226.257
-1.133, 0.703, -2.201, -97.900, -19.043, -243.164
-1.252, 0.316, -1.967, -93.750, -54.138, -258.789
-1.336, -0.185, -1.617, -91.370, -86.609, -270.447
-1.401, -0.772, -1.136, -85.999, -114.807, -275.269
-1.420, -1.485, -0.568, -75.073, -136.414, -273.804
-1.369, -2.212, -0.113, -58.716, -149.597, -263.611
-1.260, -2.830, 0.124, -38.574, -154.602, -242.493
-1.142, -3.323, 0.204, -27.710, -155.640, -213.867
-1.047, -3.578, 0.066, -16.296, -156.006, -178.284
-0.971, -3.716, -0.215, -6.226, -158.997, -141.418
-0.926, -3.834, -0.485, -2.014, -167.908, -106.995
-0.898, -3.989, -0.487, -2.441, -183.838, -74.280
-0.896, -4.000, -0.198, 1.099, -203.491, -40.283
-0.898, -4.000, 0.280, 17.639, -221.436, -6.165
-0.906, -4.000, 0.855, 47.852, -234.802, 29.541
-0.969, -4.000, 1.443, 83.862, -242.554, 73.120
-1.008, -4.000, 2.099, 114.014, -244.568, 126.221
-1.061, -4.000, 2.759, 131.470, -239.990, 180.847
-1.098, -3.370, 3.363, 135.315, -227.600, 230.225
-1.027, -2.104, 3.961, 120.850, -208.374, 274.963
-0.912, -0.548, 4.000, 90.454, -180.725, 307.495
-0.648, 1.373, 4.000, 52.002, -141.907, 320.374
-0.339, 3.164, 4.000, 19.470, -93.628, 306.152
-0.045, 4.000, 4.000, 0.000, -40.161, 258.484
0.218, 4.000, 4.000, -7.324, 8.179, 196.289
0.332, 4.000, 3.527, 3.784, 44.678, 131.226
0.365, 3.208, 2.874, 20.874, 70.251, 70.923
0.356, 2.110, 2.327, 40.283, 86.914, 27.954
0.350, 1.251, 1.737, 59.448, 98.694, 8.179
0.333, 0.703, 1.152, 75.500, 105.103, 5.127
0.305, 0.495, 0.664, 84.167, 104.675, 11.902
0.281, 0.529, 0.307, 86.121, 98.694, 21.973
0.236, 0.688, 0.215, 81.177, 88.806, 29.846
0.187, 0.935, 0.270, 67.200, 79.529, 33.752
0.168, 1.618, 0.181, 40.466, 74.524, 36.316
0.117, 3.122, 0.023, 9.216, 71.411, 34.485
-0.030, 4.000, -0.197, -13.306, 65.796, 0.977
-0.165, 4.000, -0.600, -25.085, 57.373, -63.354
-0.295, 3.162, -1.052, -25.208, 43.091, -133.606
-0.413, 1.819, -1.359, -16.235, 20.874, -188.477
-0.490, 0.581, -1.420, -5.493, -5.798, -218.750
-0.519, -0.359, -1.312, 2.563, -33.447, -225.952
-0.515, -0.889, -1.164, 3.540, -59.021, -215.332
-0.508, -1.030, -0.899, -3.235, -82.336, -195.129
-0.503, -0.898, -0.427, -18.372, -102.722, -173.035
-0.493, -0.471, 0.186, -39.124, -117.432, -153.503
-0.501, -0.047, 0.748, -62.744, -123.779, -142.578
-0.501, 0.213, 1.060, -82.947, -121.399, -141.785
-0.494, 0.313, 1.213, -97.656, -115.295, -146.484
-0.514, 0.186, 1.238, -105.835, -108.521, -153.992
-0.506, -0.059, 1.203, -102.661, -103.027, -160.217
-0.492, -0.332, 1.233, -92.041, -99.976, -161.926
-0.459, -0.455, 1.315, -79.956, -97.778, -157.776
-0.439, -0.415, 1.377, -75.867, -94.116, -150.391
-0.446, -0.316, 1.408, -82.947, -90.027, -144.714
-0.444, -0.276, 1.496, -102.173, -85.876, -142.151
-0.456, -0.356, 1.709, -124.634, -82.825, -142.212
-0.484, -0.536, 1.929, -141.357, -78.674, -141.663
-0.463, -0.866, 2.010, -140.381, -72.144, -140.015
-0.452, -1.155, 1.913, -116.760, -65.430, -133.301
-0.419, -1.318, 1.626, -74.036, -60.730, -121.765
-0.352, -1.320, 1.344, -30.518, -60.669, -106.812
-0.340, -1.193, 1.316, -8.240, -65.186, -92.773
-0.311, -1.001, 1.589, -12.451, -70.007, -81.604
-0.276, -0.840, 1.979, -39.368, -70.190, -74.402
-0.254, -0.777, 2.282, -71.594, -63.660, -70.496
-0.245, -0.824, 2.356, -91.064, -51.880, -67.566
-0.225, -0.918, 2.167, -90.759, -39.001, -63.599
-0.203, -0.993, 2.000, -74.829, -30.579, -57.434
-0.184, -1.036, 2.016, -52.856, -26.855, -49.744
-0.151, -1.014, 1.972, -31.006, -22.156, -40.710
-0.131, -0.915, 1.744, -15.686, -15.747, -31.433
-0.125, -0.753, 1.525, -5.005, -12.207, -23.315
-0.116, -0.631, 1.474, 4.211, -12.634, -18.433
-0.104, -0.526, 1.519, 9.766, -13.611, -15.381
-0.088, -0.408, 1.600, 8.484, -12.756, -13.245
-0.076, -0.380, 1.650, 2.441, -9.460, -13.062
-0.062, -0.455, 1.615, -4.089, -4.456, -13.916
-0.052, -0.529, 1.579, -7.446, 0.671, -12.390
-0.041, -0.578, 1.601, -7.385, 5.066, -8.362
-0.042, -0.520, 1.529, -4.883, 11.169, -2.319
-0.051, -0.403, 1.363, -1.587, 17.212, 3.784
-0.056, -0.250, 1.187, 1.526, 20.996, 8.484
-0.047, -0.108, 1.002, 3.723, 22.522, 10.925
-0.051, 0.018, 0.858, 2.930, 21.545, 11.047
-0.041, 0.128, 0.762, 2.686, 18.555, 9.460
-0.047, 0.145, 0.719, 1.587, 14.465, 5.737
-0.055, 0.075, 0.730, -0.793, 9.827, 0.977
-0.064, -0.023, 0.761, -1.648, 5.676, -1.770

-0.110, 0.630, 2.322, -41.809, 39.978, 51.697
-0.118, 0.702, 2.538, -43.701, 48.523, 47.974
-0.145, 0.763, 2.692, -49.500, 60.730, 43.823
-0.193, 0.837, 2.745, -53.345, 75.439, 39.368
-0.240, 0.934, 2.741, -54.993, 90.881, 34.607
-0.317, 1.027, 2.753, -51.575, 105.469, 28.931
-0.395, 1.133, 2.727, -43.701, 120.361, 22.644
-0.457, 1.241, 2.629, -35.095, 135.498, 15.137
-0.525, 1.264, 2.486, -27.527, 150.513, 5.554
-0.598, 1.229, 2.264, -20.142, 164.673, -3.845
-0.678, 1.124, 1.979, -13.550, 176.758, -12.634
-0.711, 1.148, 1.667, -12.451, 186.218, -18.005
-0.751, 1.372, 1.499, -20.386, 191.711, -21.240
-0.824, 1.641, 1.454, -31.433, 194.641, -28.809
-0.891, 1.862, 1.463, -38.269, 197.510, -41.931
-0.976, 1.922, 1.477, -41.626, 202.148, -60.791
-1.065, 1.806, 1.380, -40.588, 208.496, -82.275
-1.151, 1.642, 1.192, -35.461, 215.271, -101.318
-1.225, 1.451, 0.995, -29.236, 220.581, -117.126
-1.314, 1.329, 0.846, -26.917, 223.755, -129.089
-1.396, 1.254, 0.683, -28.625, 226.624, -138.672
-1.411, 1.284, 0.428, -33.936, 229.553, -146.667
-1.420, 1.322, 0.135, -38.879, 230.652, -155.823
-1.467, 1.410, -0.125, -47.607, 228.455, -166.260
-1.514, 1.400, -0.409, -62.317, 223.694, -180.115
-1.520, 1.309, -0.758, -74.829, 216.125, -196.350
-1.521, 1.115, -1.157, -80.688, 204.590, -212.708
-1.505, 0.848, -1.596, -81.909, 188.232, -227.661
-1.466, 0.529, -2.072, -77.820, 166.138, -239.197
-1.392, 0.219, -2.634, -74.158, 138.672, -246.521
-1.309, 0.043, -3.198, -74.646, 104.126, -249.084
-1.297, -0.043, -3.537, -73.425, 59.875, -249.878
-1.315, -0.249, -3.671, -75.195, 10.254, -253.662
-1.344, -0.603, -3.632, -78.613, -39.978, -259.155
-1.456, -1.125, -3.375, -81.238, -91.187, -263.184
-1.599, -2.000, -2.955, -75.806, -138.794, -264.465
-1.715, -2.955, -2.417, -67.017, -181.030, -255.798
-1.807, -3.901, -1.819, -47.424, -217.529, -233.521
-1.862, -4.000, -1.190, -26.550, -246.582, -197.571
-1.835, -4.000, -0.441, -19.653, -268.799, -151.672
-1.847, -4.000, 0.383, -22.888, -283.936, -98.145
-1.796, -4.000, 1.092, -16.541, -289.673, -36.377
-1.750, -4.000, 1.756, 5.737, -288.452, 30.823
-1.704, -4.000, 2.447, 42.542, -282.410, 101.868
-1.683, -4.000, 3.032, 82.153, -269.531, 176.636
-1.703, -4.000, 3.521, 110.352, -251.038, 251.770
-1.688, -3.378, 4.000, 113.281, -228.149, 312.805
-1.665, -2.203, 4.000, 94.666, -197.327, 356.262
-1.609, -0.909, 4.000, 59.937, -157.166, 387.939
-1.579, 0.239, 4.000, 16.541, -109.924, 405.945
-1.279, 2.484, 4.000, -35.889, -56.274, 421.204
-0.882, 4.000, 4.000, -68.298, -9.521, 416.626
-0.523, 4.000, 4.000, -58.167, 31.250, 349.304
-0.146, 4.000, 3.853, -29.785, 70.374, 244.995
0.081, 4.000, 3.130, 1.587, 101.501, 140.686
0.127, 4.000, 2.436, 32.104, 123.779, 56.580
0.055, 4.000, 1.851, 53.589, 137.878, -10.742
-0.018, 3.572, 1.370, 69.458, 146.667, -62.073
-0.112, 2.703, 0.928, 87.463, 152.100, -91.003
-0.195, 2.198, 0.511, 100.464, 154.846, -104.309
-0.262, 1.970, 0.106, 102.417, 154.480, -111.572
-0.331, 1.880, -0.261, 93.750, 150.940, -117.920
-0.416, 1.811, -0.646, 76.233, 144.287, -127.075
-0.484, 1.650, -0.984, 57.922, 133.423, -139.526
-0.536, 1.365, -1.203, 42.847, 117.798, -153.625
-0.564, 0.983, -1.346, 31.311, 99.243, -166.260
-0.569, 0.614, -1.563, 18.921, 79.468, -174.072
-0.589, 0.377, -1.871, 7.141, 57.373, -175.964
-0.590, 0.373, -2.210, -1.587, 30.090, -173.645
-0.596, 0.440, -2.466, -10.498, -2.869, -173.340
-0.629, 0.418, -2.475, -22.461, -41.443, -177.795
-0.697, 0.440, -2.279, -39.978, -82.642, -183.167
-0.814, 0.559, -2.168, -56.946, -121.094, -187.500
-1.013, 0.743, -2.005, -72.144, -158.325, -194.336
-1.249, 0.716, -1.608, -89.233, -196.411, -205.505
-1.439, 0.489, -0.979, -115.356, -231.934, -218.567
-1.607, 0.293, -0.220, -142.090, -260.681, -224.731
-1.751, 0.401, 0.567, -164.917, -281.494, -223.450
-1.865, 0.598, 1.308, -171.143, -293.579, -222.900
-1.975, 0.527, 1.862, -157.776, -297.180, -230.774
-2.059, 0.214, 2.363, -136.719, -294.556, -242.615
-2.033, -0.395, 3.414, -125.488, -289.917, -252.930
-1.831, -1.201, 4.000, -123.718, -274.536, -256.104
-1.515, -2.097, 4.000, -126.953, -234.741, -246.033
-1.118, -2.808, 4.000, -125.305, -172.791, -218.018
-0.812, -3.066, 4.000, -112.732, -105.225, -173.767
-0.608, -2.665, 3.836, -91.675, -48.706, -121.948
-0.458, -1.891, 2.566, -74.524, -16.113, -77.576
-0.388, -1.218, 1.784, -63.904, -7.690, -52.246
-0.309, -0.772, 1.244, -52.795, -11.841, -42.419
-0.250, -0.566, 1.033, -41.077, -23.926, -41.809
-0.230, -0.476, 1.210, -34.851, -39.307, -44.006
-0.226, -0.465, 1.673, -38.025, -51.025, -46.143
-0.222, -0.545, 2.118, -46.326, -53.589, -47.668
-0.200, -0.720, 2.348, -53.040, -46.448, -46.997
-0.168, -0.925, 2.426, -53.833, -34.363, -42.542
-0.124, -0.998, 2.441, -47.974, -20.813, -31.982
-0.105, -0.861, 2.219, -30.823, -6.287, -17.456
-0.100, -0.696, 1.780, -16.235, 6.958, -5.371
-0.092, -0.484, 1.445, -8.179, 13.489, 3.113
-0.091, -0.243, 1.255, -5.188, 14.221, 8.972
-0.067, -0.071, 1.114, -6.775, 13.000, 10.437
-0.068, 0.018, 1.060, -15.076, 10.498, 8.911
-0.071, 0.043, 1.117, -23.010, 6.958, 6.226
-0.071, -0.046, 1.217, -26.245, 5.066, 3.174
-0.064, -0.130, 1.279, -24.597, 5.066, 2.563
-0.076, -0.121, 1.284, -19.470, 6.836, 5.615
-0.089, -0.049, 1.257, -13.062, 8.972, 9.521
-0.092, 0.052, 1.231, -6.165, 10.742, 12.085
-0.088, 0.188, 1.226, 0.610, 12.268, 13.733
-0.097, 0.295, 1.214, 4.822, 14.160, 12.695
-0.105, 0.376, 1.130, 4.883, 16.785, 9.644
-0.103, 0.359, 1.003, 2.319, 18.799, 5.188
-0.109, 0.318, 0.892, -0.305, 18.982, 0.793
-0.117, 0.206, 0.791, 0.732, 17.578, -2.563
-0.123, 0.093, 0.688, 3.357, 14.771, -4.211
-0.128, 0.018, 0.607, 6.592, 10.315, -3.784
-0.125, -0.024, 0.588, 8.301, 4.822, -2.319
-0.134, -0.029, 0.687, 10.376, -1.343, -0.183

-0.209, 0.439, 2.537, -19.043, 99.915, 62.927
-0.277, 0.588, 2.662, -22.339, 112.671, 60.364
-0.349, 0.651, 2.677, -20.874, 127.869, 54.810
-0.418, 0.765, 2.567, -18.921, 144.470, 49.500
-0.509, 1.008, 2.410, -15.747, 160.522, 44.556
-0.537, 1.063, 2.098, -14.465, 175.720, 34.241
-0.551, 0.977, 1.743, -19.531, 187.622, 20.996
-0.594, 0.957, 1.558, -28.870, 193.542, 10.742
-0.630, 0.917, 1.505, -35.400, 196.777, 1.404
-0.665, 0.758, 1.424, -39.368, 200.317, -8.362
-0.708, 0.552, 1.318, -40.344, 203.796, -16.724
-0.722, 0.354, 1.194, -39.673, 206.604, -20.935
-0.714, 0.395, 1.090, -40.833, 208.618, -18.799
-0.719, 0.722, 1.057, -45.471, 209.229, -13.977
-0.727, 1.113, 1.078, -52.307, 210.205, -15.137
-0.757, 1.498, 1.082, -61.401, 212.830, -22.827
-0.832, 1.804, 1.015, -72.632, 217.285, -37.415
-0.908, 2.062, 0.797, -87.097, 222.778, -56.030
-1.016, 2.238, 0.538, -102.234, 226.440, -79.285
-1.115, 2.333, 0.250, -113.647, 226.379, -105.530
-1.201, 2.250, -0.116, -118.164, 223.511, -134.949
-1.272, 2.010, -0.526, -119.995, 215.637, -164.551
-1.320, 1.723, -0.935, -122.314, 202.576, -190.735
-1.331, 1.388, -1.330, -123.108, 184.631, -212.646
-1.315, 1.001, -1.726, -121.338, 162.170, -229.980
-1.276, 0.804, -2.054, -123.779, 134.338, -239.746
-1.258, 0.677, -2.230, -130.615, 101.868, -246.399
-1.254, 0.548, -2.365, -138.062, 66.528, -253.357
-1.257, 0.428, -2.469, -140.991, 29.541, -259.216
-1.274, 0.375, -2.542, -139.404, -8.179, -263.855
-1.360, 0.316, -2.655, -134.766, -46.692, -268.127
-1.498, 0.263, -2.698, -135.010, -87.524, -273.193
-1.698, -0.020, -2.427, -140.015, -130.737, -281.555
-1.891, -0.586, -1.891, -144.714, -172.180, -289.429
-2.032, -1.335, -1.190, -143.433, -207.092, -291.687
-2.121, -2.229, -0.594, -132.019, -231.995, -284.485
-2.136, -3.175, -0.227, -113.220, -247.009, -266.357
-2.120, -4.000, -0.110, -92.224, -256.775, -237.366
-2.113, -4.000, 0.106, -64.575, -269.165, -198.181
-2.109, -4.000, 0.604, -30.701, -283.142, -147.888
-2.125, -4.000, 1.210, -5.798, -292.603, -86.731
-2.070, -4.000, 1.901, 14.343, -295.044, -16.968
-2.037, -4.000, 2.672, 39.917, -290.771, 56.396
-2.048, -4.000, 3.426, 74.463, -278.076, 134.399
-2.068, -4.000, 3.896, 114.868, -255.981, 215.393
-2.157, -4.000, 4.000, 145.630, -228.027, 297.058
-2.256, -3.977, 4.000, 152.466, -198.792, 367.615
-2.386, -2.811, 4.000, 138.611, -169.067, 420.410
-2.333, -0.866, 4.000, 102.722, -134.949, 467.285
-2.035, 2.131, 4.000, 59.265, -97.778, 500.854
-1.620, 4.000, 4.000, 13.855, -54.199, 484.253
-1.004, 4.000, 4.000, -16.357, -1.709, 417.297
-0.478, 4.000, 4.000, -14.709, 52.551, 315.186
-0.164, 4.000, 3.988, 0.671, 102.051, 200.806
-0.015, 4.000, 3.211, 12.268, 138.672, 103.577
-0.026, 3.906, 2.508, 15.076, 163.635, 32.532
-0.065, 2.600, 1.881, 14.771, 181.152, -8.301
-0.109, 1.775, 1.306, 20.447, 192.200, -25.085
-0.134, 1.547, 0.773, 31.189, 196.289, -25.940
-0.133, 1.775, 0.273, 41.931, 195.557, -21.423
-0.164, 2.192, -0.093, 42.603, 189.941, -24.048
-0.211, 2.485, -0.454, 29.114, 181.641, -38.025
-0.283, 2.462, -0.802, 13.611, 170.410, -62.866
-0.347, 2.221, -1.148, 0.671, 155.701, -90.881
-0.363, 1.837, -1.547, -6.714, 137.085, -116.394
-0.385, 1.435, -1.944, -9.399, 112.793, -137.146
-0.389, 1.045, -2.177, -10.010, 81.787, -153.564
-0.380, 0.646, -2.103, -12.146, 45.776, -165.222
-0.379, 0.308, -1.933, -15.686, 11.047, -171.387
-0.390, 0.039, -1.796, -22.705, -19.897, -173.035
-0.408, -0.175, -1.550, -34.302, -50.110, -170.898
-0.430, -0.326, -1.110, -53.345, -78.796, -165.405
-0.467, -0.342, -0.574, -79.285, -102.112, -156.616
-0.472, -0.275, -0.019, -110.657, -118.530, -147.034
-0.468, 0.023, 0.399, -143.433, -127.258, -136.169
-0.495, 0.460, 0.560, -170.959, -130.737, -129.395
-0.557, 0.714, 0.574, -179.016, -134.888, -132.568
-0.621, 0.613, 0.646, -166.260, -143.066, -144.775
-0.675, 0.343, 0.802, -143.860, -154.114, -157.288
-0.713, -0.033, 1.162, -119.080, -165.161, -166.382
-0.710, -0.470, 1.670, -97.290, -172.729, -169.922
-0.621, -0.821, 2.154, -86.792, -171.997, -165.649
-0.514, -1.017, 2.521, -88.623, -162.781, -153.687
-0.395, -0.931, 2.637, -103.271, -145.813, -135.925
-0.334, -0.684, 2.423, -123.779, -126.526, -119.629
-0.326, -0.457, 2.021, -134.399, -111.877, -108.948
-0.308, -0.332, 1.585, -124.695, -105.896, -104.858
-0.312, -0.396, 1.515, -102.661, -110.535, -105.896
-0.336, -0.533, 1.870, -76.111, -119.690, -107.300
-0.302, -0.710, 2.367, -50.598, -123.535, -106.567
-0.268, -0.904, 2.719, -37.109, -116.821, -102.966
-0.224, -0.986, 2.806, -35.400, -101.562, -95.642
-0.175, -0.987, 2.673, -36.743, -83.374, -85.999
-0.139, -0.916, 2.365, -40.344, -66.162, -76.050
-0.116, -0.818, 1.930, -44.128, -53.345, -67.932
-0.101, -0.811, 1.708, -45.288, -48.889, -62.805
-0.069, -0.838, 1.727, -40.771, -49.561, -58.167
-0.059, -0.816, 1.768, -32.837, -48.889, -51.880
-0.077, -0.790, 1.849, -23.560, -46.326, -45.654
-0.069, -0.810, 2.024, -14.404, -43.030, -40.588
-0.039, -0.798, 2.107, -8.118, -35.828, -33.875
-0.026, -0.727, 2.022, -6.958, -24.963, -25.818
-0.005, -0.637, 1.809, -11.536, -13.855, -18.555
0.018, -0.547, 1.573, -17.578, -5.310, -12.756
0.017, -0.429, 1.356, -20.996, -0.183, -7.385
0.023, -0.361, 1.147, -19.775, 1.892, -4.150
0.033, -0.303, 1.035, -16.357, 0.793, -2.258
0.033, -0.222, 1.040, -13.855, -1.892, 0.122
0.014, -0.106, 1.078, -12.451, -4.150, 2.380
0.005, -0.010, 1.165, -10.803, -5.554, 2.930
-0.001, 0.052, 1.239, -7.629, -5.310, 2.197
-0.006, 0.109, 1.210, -5.371, -2.869, 1.160
-0.017, 0.136, 1.128, -2.808, -0.488, -0.793
-0.022, 0.096, 1.046, -0.916, 0.977, -2.747
-0.013, 0.067, 0.963, 1.038, 1.282, -3.906
-0.010, 0.049, 0.892, 3.174, 0.488, -4.150
-0.027, 0.071, 0.906, 5.310, -1.709, -3.967
-0.042, 0.110, 0.952, 6.775, -3.662, -3.723
-0.064, 0.110, 0.989, 7.812, -4.822, -4.639

-0.181, -0.019, 2.814, -27.161, 38.086, 58.838
-0.188, 0.061, 2.907, -13.611, 51.270, 62.317
-0.180, 0.228, 2.810, 0.061, 67.139, 66.467
-0.186, 0.442, 2.606, 9.949, 81.970, 68.542
-0.196, 0.606, 2.458, 12.085, 93.323, 67.078
-0.221, 0.750, 2.465, 7.996, 101.624, 63.232
-0.264, 0.818, 2.530, 1.648, 110.046, 56.946
-0.307, 0.878, 2.631, -4.028, 120.300, 50.781
-0.388, 0.957, 2.708, -6.592, 132.568, 45.349
-0.491, 1.051, 2.726, -9.094, 147.156, 39.368
-0.580, 1.136, 2.669, -10.681, 163.391, 31.860
-0.683, 1.233, 2.572, -13.672, 180.054, 23.376
-0.781, 1.267, 2.424, -15.076, 196.411, 13.123
-0.854, 1.311, 2.213, -17.212, 211.853, 3.052
-0.962, 1.329, 1.974, -19.104, 225.220, -6.653
-1.065, 1.332, 1.689, -21.240, 236.145, -17.151
-1.122, 1.406, 1.438, -23.621, 243.835, -26.733
-1.173, 1.350, 1.234, -24.841, 248.779, -38.635
-1.224, 1.279, 1.057, -22.766, 251.587, -49.988
-1.283, 1.207, 0.863, -18.494, 253.174, -59.326
-1.303, 1.334, 0.640, -18.494, 253.967, -65.308
-1.361, 1.660, 0.499, -26.978, 252.686, -71.289
-1.459, 1.918, 0.443, -40.222, 250.244, -85.205
-1.520, 2.025, 0.366, -57.312, 248.657, -106.262
-1.617, 1.981, 0.256, -70.618, 248.047, -130.737
-1.745, 1.852, -0.002, -81.604, 247.620, -155.334
-1.780, 1.637, -0.439, -93.750, 246.094, -178.650
-1.765, 1.325, -0.972, -104.858, 239.868, -200.562
-1.715, 1.031, -1.544, -111.816, 225.830, -218.201
-1.651, 0.774, -2.118, -112.610, 203.186, -230.835
-1.574, 0.612, -2.638, -108.826, 171.631, -239.929
-1.509, 0.511, -3.059, -108.704, 131.958, -247.009
-1.477, 0.483, -3.289, -114.990, 85.266, -253.052
-1.522, 0.519, -3.321, -123.779, 33.447, -260.071
-1.608, 0.305, -3.297, -131.226, -18.372, -273.010
-1.722, -0.089, -3.248, -129.395, -70.068, -285.583
-1.909, -0.495, -3.027, -122.070, -122.009, -293.640
-2.120, -1.138, -2.535, -108.337, -172.241, -300.598
-2.324, -2.102, -1.789, -87.463, -216.736, -304.810
-2.472, -3.152, -1.063, -55.115, -249.512, -298.340
-2.495, -4.000, -0.333, -24.658, -270.569, -279.297
-2.400, -4.000, 0.275, -9.888, -280.029, -244.751
-2.242, -4.000, 0.704, -15.015, -279.907, -190.063
-2.052, -4.000, 0.900, -24.963, -274.231, -116.272
-1.896, -4.000, 1.048, -20.142, -268.677, -30.640
-1.795, -4.000, 1.268, 9.155, -266.296, 56.702
-1.778, -4.000, 1.490, 52.673, -265.137, 133.423
-1.803, -4.000, 1.648, 93.933, -263.794, 200.134
-1.833, -4.000, 2.011, 128.418, -264.648, 258.545
-1.876, -3.553, 2.736, 142.090, -265.869, 304.626
-1.905, -2.744, 3.695, 118.774, -259.033, 341.553
-1.885, -1.937, 4.000, 77.820, -237.793, 372.253
-1.902, -1.045, 4.000, 23.254, -198.303, 399.963
-1.655, 1.122, 4.000, -42.480, -145.508, 433.777
-1.287, 3.948, 4.000, -85.266, -88.379, 446.655
-0.912, 4.000, 4.000, -85.205, -27.100, 399.170
-0.445, 4.000, 4.000, -57.983, 34.607, 307.861
-0.134, 4.000, 3.999, -14.404, 85.266, 207.886
-0.025, 4.000, 3.141, 19.714, 120.178, 121.155
-0.036, 3.832, 2.202, 40.955, 142.334, 54.138
-0.038, 2.584, 1.410, 54.688, 153.259, 12.695
-0.028, 1.635, 0.854, 53.955, 154.053, -4.456
-0.038, 1.375, 0.635, 36.804, 147.949, -3.052
-0.113, 1.718, 0.772, 12.756, 139.832, 5.066
-0.226, 2.091, 1.021, -5.310, 136.047, 2.625
-0.307, 2.237, 1.118, -16.724, 140.137, -11.597
-0.388, 2.214, 0.927, -26.489, 149.475, -31.982
-0.488, 2.012, 0.473, -38.269, 158.936, -54.260
-0.553, 1.854, -0.174, -49.133, 163.513, -74.097
-0.570, 1.733, -0.935, -56.030, 159.058, -91.919
-0.531, 1.599, -1.744, -56.458, 143.066, -108.765
-0.464, 1.494, -2.504, -59.204, 114.807, -125.061
-0.411, 1.323, -2.943, -65.491, 72.754, -141.785
-0.403, 1.012, -2.813, -81.116, 20.691, -158.081
-0.476, 0.866, -2.417, -95.703, -30.334, -167.847
-0.597, 0.828, -1.934, -106.079, -75.623, -174.133
-0.736, 0.712, -1.428, -114.563, -113.708, -181.335
-0.860, 0.578, -0.975, -124.756, -144.592, -187.195
-0.955, 0.523, -0.565, -138.733, -169.922, -189.941
-1.062, 0.515, -0.136, -153.137, -191.528, -190.918
-1.128, 0.485, 0.497, -163.452, -210.388, -192.932
-1.186, 0.453, 1.251, -169.128, -223.755, -194.885
-1.203, 0.387, 2.004, -159.485, -227.722, -197.449
-1.179, 0.171, 2.672, -132.812, -222.229, -201.965
-1.070, -0.252, 3.173, -104.980, -206.726, -206.787
-0.946, -0.694, 3.333, -85.327, -181.946, -205.994
-0.821, -1.109, 3.213, -79.163, -153.748, -197.937
-0.674, -1.469, 2.862, -81.787, -127.380, -184.082
-0.557, -1.704, 2.353, -90.149, -106.506, -164.551
-0.483, -1.850, 1.994, -97.839, -95.703, -141.602
-0.368, -1.781, 1.768, -94.177, -93.323, -116.455
-0.301, -1.388, 1.582, -78.247, -94.910, -90.210
-0.308, -0.813, 1.633, -61.096, -100.464, -71.106
-0.317, -0.383, 1.901, -50.720, -106.384, -65.308
-0.327, -0.288, 2.182, -42.725, -107.361, -70.984
-0.312, -0.419, 2.343, -40.039, -101.990, -79.285
-0.292, -0.743, 2.531, -35.461, -94.360, -85.571
-0.236, -1.063, 2.625, -29.480, -83.252, -85.083
-0.181, -1.244, 2.605, -23.438, -69.336, -76.782
-0.127, -1.237, 2.562, -15.381, -55.298, -63.293
-0.100, -1.083, 2.429, -8.606, -41.138, -49.011
-0.058, -0.869, 2.209, -0.793, -28.320, -37.720
-0.030, -0.701, 2.034, 7.141, -18.921, -30.518
-0.005, -0.597, 1.884, 7.629, -10.925, -26.672
0.010, -0.583, 1.740, 3.601, -3.784, -24.292
0.023, -0.639, 1.550, 0.000, 2.136, -21.973
0.039, -0.677, 1.322, 0.183, 6.775, -17.090
0.041, -0.666, 1.134, 1.953, 9.155, -10.254
0.041, -0.563, 1.032, 2.441, 8.911, -2.930
0.047, -0.429, 0.980, 3.113, 7.385, 3.418
0.046, -0.273, 0.926, 4.761, 5.981, 8.545
0.047, -0.161, 0.868, 7.751, 4.333, 11.292
0.048, -0.080, 0.866, 9.949, 1.526, 12.512
0.043, 0.028, 0.933, 9.338, -1.343, 13.611
0.025, 0.113, 1.032, 9.399, -2.747, 13.550
0.023, 0.209, 1.069, 10.864, -2.563, 12.451
0.010, 0.297, 1.049, 12.329, -1.160, 10.376
0.002, 0.295, 1.019, 12.573, -0.244, 6.348
-0.014, 0.251, 0.971, 10.803, 0.549, 2.197

-0.204, 0.163, 2.662, -27.527, 26.733, 61.829
-0.216, 0.192, 2.675, -15.259, 37.781, 57.922
-0.221, 0.114, 2.644, -2.075, 48.828, 53.833
-0.241, 0.008, 2.631, 6.165, 58.960, 51.575
-0.273, -0.040, 2.629, 8.972, 68.542, 52.490
-0.310, -0.021, 2.691, 9.521, 77.759, 55.786
-0.354, 0.074, 2.804, 7.874, 87.830, 59.326
-0.405, 0.310, 2.879, 4.944, 100.708, 63.049
-0.463, 0.543, 2.911, 0.977, 115.723, 62.988
-0.528, 0.698, 2.861, -5.188, 132.568, 57.861
-0.583, 0.714, 2.737, -14.465, 150.879, 49.255
-0.643, 0.655, 2.594, -26.062, 168.823, 40.466
-0.720, 0.609, 2.401, -35.645, 185.547, 33.813
-0.783, 0.656, 2.184, -43.030, 200.317, 29.236
-0.857, 0.712, 1.969, -47.791, 212.830, 24.353
-0.914, 0.729, 1.709, -50.903, 223.083, 18.005
-0.945, 0.876, 1.424, -53.650, 230.469, 12.756
-0.970, 1.027, 1.154, -53.345, 234.619, 5.859
-0.968, 1.100, 0.896, -51.758, 235.779, -4.578
-0.946, 1.058, 0.660, -48.401, 234.192, -17.090
-0.902, 0.915, 0.500, -44.556, 229.614, -29.053
-0.843, 0.780, 0.427, -40.833, 223.206, -37.537
-0.808, 0.786, 0.420, -38.574, 216.797, -41.199
-0.774, 0.930, 0.435, -37.781, 211.609, -42.603
-0.787, 1.235, 0.438, -43.518, 208.923, -45.044
-0.831, 1.550, 0.358, -57.068, 208.069, -52.917
-0.871, 1.836, 0.198, -75.989, 208.008, -67.627
-0.940, 1.968, -0.045, -97.534, 206.787, -89.233
-0.959, 1.802, -0.420, -117.981, 203.308, -116.455
-0.962, 1.520, -0.777, -136.902, 194.580, -142.029
-0.974, 1.213, -1.039, -150.391, 179.443, -162.598
-0.971, 0.916, -1.267, -153.198, 160.156, -178.711
-0.945, 0.634, -1.510, -144.653, 138.367, -190.491
-0.913, 0.505, -1.753, -130.249, 114.136, -196.655
-0.909, 0.484, -2.007, -112.000, 86.426, -200.012
-0.900, 0.531, -2.212, -96.558, 55.908, -203.979
-0.891, 0.648, -2.208, -89.233, 22.217, -209.106
-0.956, 0.813, -2.028, -100.342, -10.193, -216.492
-1.060, 0.707, -1.900, -119.202, -39.551, -231.201
-1.210, 0.261, -1.812, -140.442, -67.566, -247.681
-1.306, -0.297, -1.617, -154.053, -96.924, -258.057
-1.381, -1.013, -1.110, -150.146, -126.587, -261.475
-1.419, -1.848, -0.642, -122.437, -150.024, -256.226
-1.376, -2.614, -0.516, -81.482, -163.635, -238.770
-1.333, -3.224, -0.533, -51.392, -173.157, -210.571
-1.297, -3.632, -0.424, -41.565, -184.265, -174.683
-1.310, -3.822, -0.180, -37.842, -196.838, -134.705
-1.319, -3.866, 0.059, -31.921, -206.726, -95.337
-1.322, -3.999, 0.412, -23.865, -215.332, -60.303
-1.299, -4.000, 0.851, -17.151, -221.252, -26.001
-1.272, -4.000, 1.293, -8.667, -222.473, 8.423
-1.223, -4.000, 1.691, 4.272, -219.177, 44.373
-1.162, -4.000, 2.034, 24.658, -212.402, 84.473
-1.126, -4.000, 2.286, 52.368, -203.125, 129.944
-1.108, -3.980, 2.414, 80.872, -192.261, 181.274
-1.085, -3.070, 2.479, 97.534, -181.335, 230.408
-1.039, -1.746, 2.602, 95.581, -170.471, 268.860
-0.916, -0.296, 2.753, 82.886, -158.813, 290.588
-0.703, 0.927, 2.979, 66.162, -145.935, 290.344
-0.441, 2.175, 3.355, 50.293, -131.104, 277.161
-0.174, 2.958, 3.698, 35.339, -111.450, 247.803
0.076, 3.273, 3.867, 28.564, -85.632, 207.642
0.264, 3.113, 3.737, 33.142, -56.396, 165.833
0.379, 2.703, 3.386, 40.222, -27.649, 131.104
0.428, 2.564, 2.965, 44.800, -4.395, 111.572
0.442, 2.936, 2.646, 43.701, 12.756, 102.173
0.439, 3.490, 2.386, 39.978, 26.245, 88.928
0.441, 3.980, 2.052, 37.109, 38.086, 65.735
0.431, 4.000, 1.745, 34.607, 46.692, 33.813
0.373, 4.000, 1.546, 30.090, 52.063, -5.005
0.289, 4.000, 1.296, 20.203, 57.068, -47.852
0.172, 3.851, 0.902, 7.019, 62.073, -87.219
0.002, 3.491, 0.425, -6.836, 63.904, -121.277
-0.189, 3.004, -0.056, -17.700, 60.120, -153.503
-0.346, 2.422, -0.397, -21.667, 49.866, -181.152
-0.504, 1.899, -0.476, -22.644, 34.729, -201.538
-0.619, 1.488, -0.435, -24.475, 18.921, -215.088
-0.716, 1.122, -0.300, -28.076, 4.700, -224.365
-0.790, 0.841, -0.153, -32.043, -6.104, -230.164
-0.853, 0.613, -0.120, -40.039, -13.855, -233.093
-0.900, 0.326, -0.201, -54.321, -20.508, -235.474
-0.923, 0.013, -0.322, -69.458, -28.503, -235.840
-0.932, -0.356, -0.297, -81.726, -39.734, -233.154
-0.945, -0.742, -0.215, -85.510, -52.307, -225.525
-0.947, -0.705, -0.247, -77.332, -63.599, -209.412
-1.013, -0.552, -0.361, -58.594, -75.378, -194.153
-1.052, -0.517, -0.352, -35.034, -90.210, -186.340
-1.086, -0.614, -0.173, -12.573, -105.469, -182.678
-1.131, -0.743, 0.274, -2.197, -117.798, -178.894
-1.139, -0.850, 1.015, -17.822, -124.390, -173.767
-1.118, -1.255, 1.890, -57.434, -121.094, -170.410
-1.103, -1.837, 2.248, -95.215, -103.943, -162.720
-1.063, -2.328, 1.881, -115.967, -79.834, -143.066
-0.963, -2.713, 1.159, -116.821, -63.293, -115.845
-0.838, -2.762, 0.521, -108.459, -62.134, -80.383
-0.735, -2.296, 0.187, -93.567, -74.097, -40.405
-0.656, -1.436, 0.281, -74.951, -93.567, -6.836
-0.611, -0.751, 0.761, -58.777, -113.586, 8.301
-0.580, -0.331, 1.352, -51.392, -126.282, 9.216
-0.539, -0.238, 2.009, -53.772, -129.761, 2.502
-0.474, -0.542, 2.642, -61.401, -123.474, -5.676
-0.392, -1.039, 3.040, -65.186, -107.178, -8.118
-0.309, -1.300, 2.973, -63.782, -83.313, 2.014
-0.225, -0.994, 2.551, -61.035, -58.716, 23.560
-0.164, -0.274, 2.122, -56.458, -41.870, 43.274
-0.108, 0.406, 1.836, -46.204, -33.752, 48.767
-0.073, 0.939, 1.647, -31.921, -31.311, 40.466
-0.041, 1.161, 1.518, -19.592, -31.677, 21.606
-0.041, 0.986, 1.551, -10.986, -33.997, -2.502
-0.050, 0.505, 1.644, -7.690, -35.461, -24.780
-0.062, -0.081, 1.647, -4.456, -33.569, -38.147
-0.060, -0.500, 1.570, 0.000, -30.212, -39.001
-0.060, -0.683, 1.490, 7.080, -27.283, -30.579
-0.050, -0.556, 1.427, 12.085, -25.452, -17.334
-0.067, -0.255, 1.401, 15.137, -23.987, -5.920
-0.083, 0.026, 1.394, 17.334, -22.949, -1.709
-0.103, 0.165, 1.372, 17.212, -21.423, -2.808
-0.120, 0.191, 1.370, 12.695, -19.775, -6.714
-0.145, 0.092, 1.357, 7.324, -18.372, -11.719

-0.315, -0.532, 2.210, 7.874, -21.118, 39.429
-0.353, -0.539, 2.300, 6.165, -13.733, 41.992
-0.364, -0.626, 2.392, 11.047, -6.714, 43.945
-0.396, -0.736, 2.467, 24.231, 0.000, 47.119
-0.412, -0.773, 2.615, 42.358, 6.226, 53.406
-0.428, -0.685, 2.813, 65.125, 13.062, 62.134
-0.461, -0.550, 3.076, 82.458, 22.705, 70.312
-0.499, -0.350, 3.319, 90.393, 36.377, 76.904
-0.561, -0.136, 3.437, 93.689, 54.749, 81.299
-0.631, 0.001, 3.511, 95.581, 75.439, 81.848
-0.724, 0.004, 3.551, 98.755, 98.083, 79.529
-0.809, -0.055, 3.490, 100.037, 123.169, 77.576
-0.910, -0.158, 3.371, 98.572, 149.109, 77.393
-1.029, -0.231, 3.119, 95.093, 175.598, 80.200
-1.133, -0.276, 2.729, 89.111, 201.416, 84.778
-1.232, -0.263, 2.352, 85.510, 222.107, 91.003
-1.302, -0.001, 2.059, 83.374, 237.488, 99.487
-1.353, 0.543, 1.819, 82.886, 248.901, 107.056
-1.403, 1.138, 1.594, 80.750, 258.240, 105.530
-1.405, 1.496, 1.271, 77.271, 266.296, 90.942
-1.306, 1.495, 0.891, 71.289, 272.156, 67.505
-1.234, 1.257, 0.629, 61.768, 273.376, 44.250
-1.166, 1.038, 0.569, 47.913, 271.606, 27.466
-1.137, 0.901, 0.644, 25.391, 270.569, 16.846
-1.139, 0.890, 0.776, -4.700, 272.400, 9.033
-1.171, 1.000, 0.961, -34.485, 277.344, 1.221
-1.246, 1.125, 1.091, -52.551, 285.461, -8.789
-1.340, 1.176, 0.972, -63.782, 297.791, -23.438
-1.424, 1.138, 0.490, -71.838, 311.523, -40.466
-1.436, 1.102, -0.128, -78.491, 319.092, -57.129
-1.394, 1.005, -0.831, -76.965, 317.383, -73.914
-1.296, 0.886, -1.509, -71.533, 306.030, -89.600
-1.153, 0.845, -2.134, -62.866, 285.400, -102.844
-1.011, 0.838, -2.585, -50.354, 255.676, -114.929
-0.887, 0.897, -2.788, -42.786, 220.154, -128.113
-0.809, 0.763, -2.757, -43.640, 181.946, -145.081
-0.778, 0.416, -2.845, -52.246, 146.057, -165.283
-0.775, 0.026, -3.222, -57.251, 112.549, -181.702
-0.800, -0.547, -3.648, -48.279, 73.975, -196.716
-0.867, -1.355, -3.876, -26.672, 28.625, -207.275
-0.914, -2.243, -3.759, -2.625, -18.982, -208.557
-0.958, -3.095, -3.159, 3.845, -65.247, -197.510
-0.926, -3.838, -2.353, -8.240, -101.379, -173.218
-0.866, -4.000, -1.805, -32.288, -121.887, -137.329
-0.797, -4.000, -1.726, -54.199, -132.080, -93.811
-0.715, -4.000, -1.856, -55.176, -143.738, -46.265
-0.682, -4.000, -1.865, -38.696, -163.330, -0.549
-0.691, -3.572, -1.548, -19.409, -189.148, 42.725
-0.689, -2.757, -0.743, -5.432, -217.285, 82.642
-0.667, -1.757, 0.296, -0.366, -239.136, 112.244
-0.557, -0.688, 1.485, -7.080, -250.122, 128.052
-0.397, 0.322, 2.680, -15.198, -249.207, 130.615
-0.185, 1.077, 3.760, -20.874, -235.168, 118.652
0.038, 1.386, 4.000, -22.888, -208.801, 94.727
0.247, 1.397, 4.000, -22.583, -173.096, 68.115
0.389, 1.108, 4.000, -16.174, -131.287, 43.640
0.485, 0.720, 4.000, -7.874, -83.008, 26.489
0.519, 0.492, 4.000, 2.502, -33.569, 20.264
0.478, 0.775, 4.000, 16.907, 11.719, 23.865
0.354, 1.210, 4.000, 33.508, 57.129, 24.536
0.209, 1.462, 4.000, 45.715, 102.783, 14.526
0.058, 1.565, 3.532, 44.373, 141.968, 0.061
-0.140, 1.490, 2.765, 28.015, 173.584, -16.846
-0.308, 1.333, 1.966, 7.080, 197.998, -34.241
-0.461, 1.117, 1.184, -11.047, 214.172, -49.744
-0.555, 0.935, 0.506, -22.278, 221.252, -62.805
-0.619, 0.787, -0.120, -28.320, 220.398, -74.341
-0.649, 0.604, -0.777, -30.212, 213.074, -84.778
-0.618, 0.408, -1.474, -27.954, 198.242, -93.689
-0.538, 0.204, -2.116, -23.926, 174.866, -100.586
-0.451, 0.157, -2.554, -22.522, 142.395, -103.516
-0.392, 0.166, -2.647, -27.954, 104.187, -105.652
-0.386, 0.224, -2.466, -42.297, 64.270, -109.680
-0.396, 0.235, -2.275, -67.688, 28.809, -116.150
-0.408, 0.182, -2.092, -97.900, -2.808, -124.146
-0.431, 0.050, -1.898, -125.183, -32.471, -132.385
-0.464, 0.057, -1.707, -145.081, -60.791, -136.536
-0.557, 0.219, -1.547, -153.931, -88.745, -139.099
-0.672, 0.515, -1.307, -159.607, -116.577, -144.226
-0.800, 0.740, -0.816, -165.100, -144.714, -155.151
-0.935, 0.724, -0.206, -174.133, -168.274, -172.241
-1.046, 0.547, 0.498, -181.580, -185.242, -190.002
-1.140, 0.233, 1.223, -187.378, -194.580, -205.139
-1.172, -0.256, 1.849, -189.819, -195.923, -216.614
-1.171, -0.658, 2.314, -192.261, -189.819, -219.604
-1.117, -1.157, 2.752, -195.679, -179.626, -217.407
-0.998, -1.805, 3.119, -194.031, -165.283, -210.632
-0.808, -2.263, 3.141, -184.143, -145.569, -190.857
-0.644, -2.279, 2.805, -176.025, -123.840, -159.973
-0.517, -2.004, 2.323, -162.537, -107.544, -128.601
-0.434, -1.497, 1.965, -132.080, -100.586, -103.333
-0.397, -0.798, 1.864, -95.825, -100.342, -87.097
-0.403, -0.400, 1.977, -70.190, -101.746, -87.585
-0.414, -0.273, 2.154, -61.279, -99.426, -98.145
-0.436, -0.535, 2.275, -69.397, -92.651, -112.488
-0.416, -1.242, 2.189, -82.275, -81.909, -125.244
-0.383, -1.863, 2.023, -84.290, -72.144, -122.925
-0.343, -2.201, 1.957, -72.327, -65.979, -106.262
-0.308, -2.218, 1.971, -54.565, -60.547, -81.360
-0.260, -1.981, 2.045, -39.062, -54.382, -54.626
-0.215, -1.604, 1.986, -31.494, -45.410, -32.104
-0.176, -1.193, 1.710, -30.212, -34.790, -15.808
-0.156, -0.743, 1.405, -33.020, -27.649, -5.432
-0.137, -0.409, 1.167, -36.133, -25.452, -2.441
-0.131, -0.246, 1.075, -38.391, -27.405, -4.944
-0.130, -0.221, 1.135, -37.231, -31.067, -10.071
-0.143, -0.328, 1.235, -32.593, -33.813, -14.954
-0.152, -0.444, 1.293, -23.987, -34.546, -16.602
-0.161, -0.543, 1.421, -13.306, -34.485, -15.320
-0.171, -0.559, 1.585, -3.052, -32.471, -11.230
-0.179, -0.451, 1.740, 3.235, -27.466, -5.554
-0.182, -0.291, 1.779, 4.822, -19.287, -2.014
-0.187, -0.139, 1.660, 3.662, -9.460, -1.221
-0.207, -0.109, 1.483, 0.183, -0.977, -3.052
-0.206, -0.166, 1.273, -4.028, 4.395, -6.226
-0.203, -0.258, 1.080, -10.559, 7.324, -8.362
-0.211, -0.349, 0.927, -17.151, 7.874, -8.301
-0.213, -0.404, 0.839, -19.592, 5.859, -6.409
-0.216, -0.423, 0.844, -16.418, 2.197, -3.113

